source_file,format,rows,sha256_bytes,sha256_normalized
baselines/datasets/split_seed_0/train_pool.csv,csv,291,bf48797db334b9ce0aa4da47a13896f077ec68607b0e6db241aa5779d2bd5372,67f5ce6e6eb54db374daad13abb3aeda052fb559f550d7b6de55ac404382b2cd
baselines/datasets/split_seed_0/test_raw.csv,csv,52,fc0d80a8d2b9f63547c4d1920dee352cdce0142013bf9baac58696cf16bd0487,561327c46cdfcf8f5bcdee723aed65f8c913273e41801260add58e83938813a1
baselines/datasets/split_seed_0/test.csv,csv,39,1316127381c52a291c639336ef3082613a83ddf22e4a229486666d933aecd58c,83e2b15b3088b67f10fa633cc9830f225072ed0a1f683a0708e307fc232be764
training/molclr/data/perovskite-resplit/split_seed_0/train_pool.csv,csv,291,3f94a17c4624581d5e146c0adb3b6f539b27bc0e3d29323f217ebd01e19d7413,cea798b4711e988f58f8e86d6862af992f341e86dd5e971b5a7a65b3a74ee9fe
training/molclr/data/perovskite-resplit/split_seed_0/splits.json,json,,3cd61e61803eb0caea8af9dde75e56f93943cb07ce56d6278c9558f9d66762fe,6ba66b51fe1122d27165e6adfe9191eba3fdc7baa8f43d7bd15d064283615c0b
baselines/datasets/split_seed_1/train_pool.csv,csv,291,e43c4de3a25a94f8e197cd88a020892cd31687d3d12765b786c0f892e37e5a7c,56ee99e5c84a433796debf491a81fffd94eff9bd8d1ea5edcd70eacf2d87cff6
baselines/datasets/split_seed_1/test_raw.csv,csv,52,3679df667102cdafdee12e32b583dfc26aec671f5a341ccec3f0fd44ca367840,6290799a1d0364b2ba25319ee4ecef7a28a87f8e3e65343d955de3a6a742647d
baselines/datasets/split_seed_1/test.csv,csv,47,5f3a6c2e0b9491c68cafc43f3ed5eaf9d52752b1ed55f960c697a7bcdab241ed,3139c19de93a959c78cd58954bfd34399719d323d3a6c26c225adf2ffef0a963
training/molclr/data/perovskite-resplit/split_seed_1/train_pool.csv,csv,291,41234bd0a0fe76604f76eb3fcf94927187f5bf7430b08cd22e7964d63eaab388,517701c05c9a003b630a746b07548878f2fc71db852b3ce03f8eb16e4d7be212
training/molclr/data/perovskite-resplit/split_seed_1/splits.json,json,,3cd61e61803eb0caea8af9dde75e56f93943cb07ce56d6278c9558f9d66762fe,6ba66b51fe1122d27165e6adfe9191eba3fdc7baa8f43d7bd15d064283615c0b
baselines/datasets/split_seed_2/train_pool.csv,csv,291,3fa2a0ea5398396516d7326fd627458d9343be8b51f27c08a613cf7eaff36a06,014d7a4a716de50939a8f66a4f0ae3c641fcaec3c6b9f2589d5bd28768d539fc
baselines/datasets/split_seed_2/test_raw.csv,csv,52,d56923a9ab0df363c2f894ce9d3dc1b9cecf1e4a8dcd78e6f0a175c387631a8f,b12ee1a63b3019221fdc2e2de90ad0eea4ab52ecf3868a2c71549e509dfbfefc
baselines/datasets/split_seed_2/test.csv,csv,40,e2e80b1199ef7c256ff81c912e7208c8a7a1f0a9fb4b837e007691829beb828d,19659caa0b44c6f8303ad3770d52aeaaefcdc08035a5dacac7e18f74089279de
training/molclr/data/perovskite-resplit/split_seed_2/train_pool.csv,csv,291,69f1736de100836839ba847c30013d2e67a0ae6594bc8f4561c73cdedea7abf5,c9a120b591503a4b320ee7a431536f3820c7e20bc65e2aafd16fb6ab51e055fa
training/molclr/data/perovskite-resplit/split_seed_2/splits.json,json,,3cd61e61803eb0caea8af9dde75e56f93943cb07ce56d6278c9558f9d66762fe,6ba66b51fe1122d27165e6adfe9191eba3fdc7baa8f43d7bd15d064283615c0b
baselines/datasets/split_seed_3/train_pool.csv,csv,291,66d0bba305aae7bbe1e707d3e930be30bc4cc556a4b4269faced1888be412915,980a5aa2094afce8407783f891271a5b31c97a8f32ac82caf9808950a556897a
baselines/datasets/split_seed_3/test_raw.csv,csv,52,d845c318782fac05a4a6550b9d8feefa2c90425a3b2a255a916ab73688659ebf,471a8351370fde69fea706c1d32cae56f5ed103db31b8230aa5e354fff57a1a7
baselines/datasets/split_seed_3/test.csv,csv,40,aef1ee2cac056e963c79a0eb7083bc76ddd0d82fb81bed0183a7376d965f54f5,330bded2700e1740239f3855fd149bcc7f5f30e4d6374757b3136350520513e7
training/molclr/data/perovskite-resplit/split_seed_3/train_pool.csv,csv,291,ba2b3be44c376548a9f62aa54911eeabb9d6c7c406f3ebae4c1e3fad4859b5f4,5792abaff5db4829664984b4536ff038e94bd9dc0ea75eeedd7ff808e33565a8
training/molclr/data/perovskite-resplit/split_seed_3/splits.json,json,,3cd61e61803eb0caea8af9dde75e56f93943cb07ce56d6278c9558f9d66762fe,6ba66b51fe1122d27165e6adfe9191eba3fdc7baa8f43d7bd15d064283615c0b
baselines/datasets/split_seed_4/train_pool.csv,csv,291,e72759a5542a2151acb90d3d458d78b9fa42defc3bc394ad9bc45cf91f0e8cf0,19afda78bfe34c6b43a71a1a23e872ef58a565e7de520629990a96635189b6d4
baselines/datasets/split_seed_4/test_raw.csv,csv,52,6a1f37397b1efad8680d97edf2700fdcb9345461e4eb14e38c44031da47717f7,50ce96acd43e9c5959ea54dbacba4e08f040045a53965b40e56742e1c71cd06c
baselines/datasets/split_seed_4/test.csv,csv,43,0416d35d0e988f0eb1b0ad9a751752f60a1fe9aefcf305f3c6d60df99b8574d6,b07c5ef6f3fa297507bcf4ce7a9e43645cc12ab31a5170b71d70bc60425e7eb5
training/molclr/data/perovskite-resplit/split_seed_4/train_pool.csv,csv,291,2f5bed6900c59b1d686f3dc84cdaf44786337c887313425510d38ad3610b99f1,70c095de8364e1cbf106304af77c6c978b1e4485b8806372c2b90150c244f4ea
training/molclr/data/perovskite-resplit/split_seed_4/splits.json,json,,3cd61e61803eb0caea8af9dde75e56f93943cb07ce56d6278c9558f9d66762fe,6ba66b51fe1122d27165e6adfe9191eba3fdc7baa8f43d7bd15d064283615c0b
baselines/predictions/ElasticNet_seed_0.csv,csv,389,840015c86ab9251e30eacaabc9dd6a6acbf52a7db26c6a0def229039fb6680a0,cf1f9e5e2a076b2bcc3a2992f06507eab2a25ec7fa5334be757ef56b6099f7a2
baselines/predictions/ElasticNet_seed_1.csv,csv,397,e67fae059402e5f4b5c96737882442fe8e7d8c1455f772d3701192e7b63fcf7b,981f53f082c3fdec2442b11d998fd46af69af76ece011a36cf020f8a39402123
baselines/predictions/ElasticNet_seed_2.csv,csv,390,de8a914074114d8946d56674df51a4488c87a3f5615c4b2f0d77051e091a4e8a,d24ef1336ac87885658382404b8b4ad20e715b3491e54a045ab61a11f699807b
baselines/predictions/ElasticNet_seed_3.csv,csv,390,c6e078260ef0c6c2b4be6b0579271c485d3d30d101cdb4a76ece075de28a7059,08bf782008d8e01eae13bec25eb32cfd81622e1223abdb80a1aca70f81c00724
baselines/predictions/ElasticNet_seed_4.csv,csv,393,a6c5e7c3257e02eab84c98530fef47d8b1823744891b0d675bc8978c87ec3b19,04687d8f0b2580504fcb9f3d1c4ed5f4a5d5b442e348ca290268778fcc4c046d
baselines/predictions/Random Forest_seed_0.csv,csv,389,302e3af3b5a269d31477b01dc1c6f0692537615a882906ef933a9c8f83fee6f2,c70f60470dc6ffabf017ec5031801fbaf0b2a25b621c36c6455c560a7716c874
baselines/predictions/Random Forest_seed_1.csv,csv,397,580226aaafec85809addaa1f54a5c52e671e03dd2e07b10d31b361acd7e36f71,aad97386c743f8662df81b9c6ce9f58203fb1730f85a4811bd59d9d8067915e6
baselines/predictions/Random Forest_seed_2.csv,csv,390,8f4527c0f19f8629b80d1f5a18f01dcf32261b1783b993c839a4d041ed5c994d,10ca75d2e06a0ad9825c1d7b092f23f3ea5688d4444c7407b85ed40df17f0522
baselines/predictions/Random Forest_seed_3.csv,csv,390,d5a03a2ef3b23b8d745c4be49a2dc3bed33d6cf16d4508c97e6f62b709ce356c,674efbe0f209be15ac1f9c8ba20066a1d1ce37ad40c4612c8febd861e29f8788
baselines/predictions/Random Forest_seed_4.csv,csv,393,667fccd28b9f9a34c35fcb9bae072a06d048bdb63e604ca50a5a9ef2a1b872e2,6aace36fa25d6b3f074e487f92f75a20837599308e9718b3397648570fad051c
baselines/predictions/SVR_seed_0.csv,csv,389,73075c310a96d080c01be8e83a86843f7c2ee34742af918c12aea57c9258fb70,0ec720e2f9038ad994c42cb8caa5924c15b178cd69e47fa11d6c22f0f50c4e07
baselines/predictions/SVR_seed_1.csv,csv,397,37f383ba1b67a6cb07ab7f85757e2828644bef232fa4e37755285325b05895ef,1c32bff6f4c624a218dabb412fb2544522948b4917c09d05d4e72b6b7eb00690
baselines/predictions/SVR_seed_2.csv,csv,390,0d79e70c38b76e1e11cfd5f39a890175a3f71b28a83675196769a8b99d6308ce,05d989ba3f85ef337a710b7fed2b8ab282fb904fb447002f92eff999aafda09f
baselines/predictions/SVR_seed_3.csv,csv,390,4f28cf90461daa1bbe75a1d7c96929d6329234862441ebb70d23a77f9f9d55be,4e9297dcd6b9795ead6789772baac6946f10bb5eea45d893e0107d0b6a7907d8
baselines/predictions/SVR_seed_4.csv,csv,393,e638da77684d82d0f2fbd80993563e0d11a9c64b7f69806dd25935ddd76387b1,857b8c1d2ec7133bb243329c3b329afb9038c35b8f3f2ad1681158511e25adae
baselines/predictions/XGBoost_seed_0.csv,csv,389,43feb70e2e06bd9fcf6bfaf202ae2241172ed324e83504099d9e031dc55a1862,01549927add373a1bfe9aca1983ba719bc321362e828a7777c3d8fa95283db4f
baselines/predictions/XGBoost_seed_1.csv,csv,397,88c744bae7ac816e95007834b6414d2d60500594630b8df9f4a5b9cebe05405f,33b69770800940ed66798f998c5b90e824a807947f17dc0dbb180523b54c8714
baselines/predictions/XGBoost_seed_2.csv,csv,390,5a1ec7d5fefee7a8dbf562372fa17708b93aa76f7614b4a451db8e0c248fce1b,446c478ba5201ed509f7f3478465bcff7605863cca014dd5dbccda14e153e3ad
baselines/predictions/XGBoost_seed_3.csv,csv,390,58c7b945ca70bf8f584da72a0032de6a1ebd3bf30b75654ece9e248813813aba,d7e6c9e6713011421e84c7e1d6192a57f03c84a43a32931d6f57fc5ea65b0a51
baselines/predictions/XGBoost_seed_4.csv,csv,393,f825f84305020a14bbaef5515c2538401735fe054ef2d447b2bf60f19f58c0a8,de06cdf4696c12284383c866f07f398f7d7c6244c23aa2a054b5da188021acab
baselines/krfp/predictions_krfp/ElasticNet_seed_0.csv,csv,389,19860d2e91ecef3129257d0ba21a378953ad844f7d2d7733c951abab10d81471,887795a139fc7623b2e15de01ebf72d9f1de4dfca71a51a2af1a8e018d581ce8
baselines/krfp/predictions_krfp/ElasticNet_seed_1.csv,csv,397,3c52366b247f7beda28f7f237bd92a6f381d5c758885fdbd4d7a543c6298a789,9a5ca41d603b71a29066d50f1e0ba5155e8fb02e5c9379659d6d3d95f45ca38b
baselines/krfp/predictions_krfp/ElasticNet_seed_2.csv,csv,390,6ab54199f53ccd246e6ce05a954345620fb06df72897e7ad101945fe5136eb6e,e02cdb0674740cc2ee265e2aacdf3e5530c684c85158a22c95971b0863afde50
baselines/krfp/predictions_krfp/ElasticNet_seed_3.csv,csv,390,1e3b66f99d6ee7674bfc39853096d40a325efd8672fe2d4d9fe6ca3c9d9a4330,c873692722bdafe96f61c33dcf8a48214d1c2e80ef930594f636b243dc240401
baselines/krfp/predictions_krfp/ElasticNet_seed_4.csv,csv,393,bf156d9633582b2f01979ca6eece3dcaaf4564b1124f3bae440b0d5e4ce950c6,344dda96b216aa441d7f576bf398c7210489d3d9eb232f9772be4fa1bab48448
baselines/krfp/predictions_krfp/Random Forest_seed_0.csv,csv,389,7c12ad36c0ce81570ff168e89f8a8ee0ededdc76b7c2ab33c2d5c66f0f23ef46,48530f9f24eb9837be3a96c2e3da08c682f766ef99510971c87ced37dd9ba0c8
baselines/krfp/predictions_krfp/Random Forest_seed_1.csv,csv,397,4354b50ccbc9f66cbfe16660d180abd0fe3d17da917a457a4a5ad650b2e736c3,eaa4e7e9044ec81cbc6ada2bd09b39eebe3737dbdda2fdeab385b546a1c176db
baselines/krfp/predictions_krfp/Random Forest_seed_2.csv,csv,390,84d8f5307c5b03c96c813d17bb665b9f18b4ce44fdf2cd70693c70f1cbfc8b8f,64406b8772e6d760921f71d11c5ba11933656efccb14d25ffae8ad472699043d
baselines/krfp/predictions_krfp/Random Forest_seed_3.csv,csv,390,2a27157fdf2f65cdc1485a88256a23beef9c363180357d31f6942b3ef0ba7903,ee805a627a028c4017ab5d377251862c9e2bb9dbf29d50e443dd259b1d8d31dc
baselines/krfp/predictions_krfp/Random Forest_seed_4.csv,csv,393,30411f2d6fb4624b931c974c037c9dfb8c04bc1e1f4e181c5ffe233c45d789e4,93be2b830b19f09b5b5df5d749b46e77054ee14ec494f506163fc4ca9ad2e2a3
baselines/krfp/predictions_krfp/SVR_seed_0.csv,csv,389,cfef1f510be8dd0b333608a991ef2ee12597bd5ef500212204205b1b212b0106,7b5885433e065e3d1ecaa983e5ec7c0b900aa61d2dc0649b57e4b59d4ecf5054
baselines/krfp/predictions_krfp/SVR_seed_1.csv,csv,397,8c0ddbb25c20b64d382b29f7c8dca4de27e226252b29873cdc85eab69722da4f,a144f18637eefea64ae41671bb6fa4d3d66cf5588f4f2d9abbd2b90783593021
baselines/krfp/predictions_krfp/SVR_seed_2.csv,csv,390,16c4673e93f11bea9863786f97a535f08f8bf2615b15a08649732a203fc4aa2c,e5128fecb4e7afac7087a8ab36e111f5912ba3a4b2818c0b3bbb8bd62b44ec9d
baselines/krfp/predictions_krfp/SVR_seed_3.csv,csv,390,e6a3e0b0baf4a4059671f5ba15f4cd21d7beca0ef6288646f9183459a34f1cbe,d7cd5ecb4b51d726b20b53dbe561cdcacaf491da0be3a1b7406afd932d25cb92
baselines/krfp/predictions_krfp/SVR_seed_4.csv,csv,393,0ca5c46bf9df064f58b7e728dde12921ab0893e55e7aa7952a10d5a95b6006aa,a46077850911e745cbe83235a2218d3b41d3c815b94f206bee440a91106ec708
baselines/krfp/predictions_krfp/XGBoost_seed_0.csv,csv,389,8690f2e81065f0ca5570fa0fd2a99eeec977c59328b744b33148abd7ffb2bb74,5687ef78c2927461a76efdab940543b4fee3a6118daf4e728b007a0ed1924418
baselines/krfp/predictions_krfp/XGBoost_seed_1.csv,csv,397,df64122b9f16657e3033a164f9eafbd44949e9ff3852b7b029a6d99f4c7cbd66,050679f54df4058a760afe3bd4755ff7fdc9e3687ce336fefcd181da67e47fc6
baselines/krfp/predictions_krfp/XGBoost_seed_2.csv,csv,390,b0a21840205ce4cf43473aaf29580b67514494647d6247cb65ea4da77bdebf26,c0a71d6e63c29b7510386bdaa6818fc4a1e66e56d78d3d087d543d3fd12e740a
baselines/krfp/predictions_krfp/XGBoost_seed_3.csv,csv,390,5393259d28eb91f04b05025e592804eff68d7adba26e49ed615dcf31537f3237,dc4dc3ee8cf2ec7f62a86229e2fc60316d987396444c77e19a4dc02f0381eb29
baselines/krfp/predictions_krfp/XGBoost_seed_4.csv,csv,393,a14e824d8a444d935cddbcbddae28405979baef6d51c7f28e5337afe647edded,953701312bae4982ef20de317a118e63cf7ccb3a6fe3d4dd36beb6df7220409e
