seed,fold,n_train,n_valid,n_overlapping_raw_smiles
0,0,261,30,4
0,1,262,29,6
0,2,262,29,2
0,3,262,29,3
0,4,262,29,5
0,5,262,29,2
0,6,262,29,4
0,7,262,29,3
0,8,262,29,2
0,9,262,29,5
1,0,261,30,6
1,1,262,29,7
1,2,262,29,6
1,3,262,29,7
1,4,262,29,3
1,5,262,29,3
1,6,262,29,4
1,7,262,29,7
1,8,262,29,4
1,9,262,29,10
2,0,261,30,2
2,1,262,29,8
2,2,262,29,4
2,3,262,29,4
2,4,262,29,5
2,5,262,29,2
2,6,262,29,4
2,7,262,29,5
2,8,262,29,5
2,9,262,29,5
3,0,261,30,5
3,1,262,29,6
3,2,262,29,3
3,3,262,29,5
3,4,262,29,6
3,5,262,29,5
3,6,262,29,3
3,7,262,29,4
3,8,262,29,6
3,9,262,29,5
4,0,261,30,6
4,1,262,29,6
4,2,262,29,5
4,3,262,29,2
4,4,262,29,4
4,5,262,29,7
4,6,262,29,4
4,7,262,29,3
4,8,262,29,4
4,9,262,29,7
