CAS number,Pubchem CID,Name(full),Name(simple),DOI number,SMILES,Initial PCE,ΔPCE,Final PCE,Date,Batch,Note,Initial_PCE,Final_PCE,Delta_pred,TARGET,C,H,N,F,O,MW,LogP,TPSA,H_acceptor,H_donor,RB,Aromatic_rings,Aliphatic_rings,Saturated_rings,Heteroatoms,QED,IPC,HOMO,LUMO,Gap,Min_ESP,Max_ESP,Dipole
1498-88-0,,,,10.1002/adma.202205338,CC1(C2=CC=CC=C2N(C13C=CC4=C(O3)C=CC(=C4)[N+](=O)[O-])C)C,21.96,1.27,23.23,2022-11-07,AFM,,21.96,23.23,1.582572050743462,-0.3125720507434619,19,18,2,0,3,322.364,4.1243,55.61,4,0,1,2,2,0,5,0.585108991,344161.117,-5.754644,-2.924201,2.830443,-2.021017889,1.536546124,13.74519527
3978-81-2,,,,10.1021/acsaem.1c00767,CC(C)(C)C1=CC=NC=C1,18.38,0.7100000000000009,19.09,2021-06-09,AFM,,18.38,19.09,1.8798873573396937,-1.1698873573396928,9,13,1,0,0,135.21,2.3791,12.89,1,0,0,1,0,0,1,0.53191532,165.6373293,-6.672149,-0.771109,5.90104,-2.439719701,1.25327545,5.072291532
67-52-7,,,,10.1002/solr.202200512,C1C(=O)NC(=O)NC1=O,21.59,1.199999999999999,22.79,2022-07-27,AFM,,21.59,22.79,1.613300169022961,-0.4133001690229618,4,4,2,0,3,128.087,-1.2575,75.27,3,2,0,0,1,1,5,0.399746771,85.75693819,-7.908305,-2.207006,5.701299,-1.60645221,2.832788374,0.95882288
354-38-1,,,,10.1002/solr.202200284,C(=O)(C(F)(F)F)N,22.31,1.850000000000001,24.16,2022-06-08,AFM,,22.31,24.16,1.5535049118304227,0.2964950881695782,2,2,1,3,1,113.038,0.034,43.09,1,1,0,0,0,0,5,0.472900893,17.08616633,-8.44971,-1.62896,6.82075,-1.834021149,3.041635869,4.222506789
104-01-8,,,,10.1016/j.jpowsour.2021.230734,COC1=CC=C(C=C1)CC(=O)O,20.97,1.350000000000001,22.32,2022-01,AFM,,20.97,22.32,1.6647905293832022,-0.3147905293832012,9,10,0,0,3,166.176,1.3223,46.53,2,1,3,1,0,0,3,0.73619787,515.8918353,-6.132572,-0.728354,5.404218,-1.949152582,2.758174715,3.645935044
,,benzoic acid,BAC,10.1002/aenm.202203635,C1=CC=C(C=C1)C(=O)O,22.43,1.0,23.43,2023-02-12,2,,22.43,23.43,1.5435390356316665,-0.5435390356316663,7,6,0,0,2,122.123,1.3848,37.3,1,1,1,1,0,0,2,0.610603539,129.2253387,-7.366371,-1.858505,5.507866,-1.914566893,2.789032443,3.621848947
140480-89-3,,,,10.1002/solr.202300028,C1=C(C=C(C=C1F)S(=O)(=O)N)F,21.36,2.330000000000002,23.69,2023-02-24,AFM,,21.36,23.69,1.632401431737244,0.6975985682627579,6,5,1,2,2,193.174,0.6122,60.16,2,1,1,1,0,0,6,0.70994853,311.7381809,-8.171441,-2.329212,5.842229,-1.827544835,2.661002806,99.33553423
20999-38-6,,,,10.1002/aenm.202200758,C1=CC=C2C(=C1)C3=CC=CC=C3N2CCP(=O)(O)O,20.5,1.199999999999999,21.7,2022-05-30,AFM,,20.5,21.7,1.7038235444949978,-0.5038235444949988,14,14,1,0,3,275.244,2.9722,62.46,2,2,3,3,0,0,5,0.722243363,28995.32295,-5.708134,-1.053345,4.654789,-2.145129085,3.178482,175.4551416
,,"potassium 1,1,2,2,3,3-hexafluoropropane-1,3-disulfonimide",KHFDF,10.1002/adfm.202215096,C1(C(S(=O)(=O)[N-]S(=O)(=O)C1(F)F)(F)F)(F)F.[K+],22.14,2.009999999999998,24.15,2023-03-13,2,,22.14,24.15,1.5676232364453275,0.4423767635546705,3,0,1,6,4,331.256,-2.1418,82.38,4,0,0,0,1,1,14,0.374627377,1151.2442,-5.982613,-5.002376,0.980237,-2.166353977,3.949897978,230.9343392
657-24-9,,"3-(diaminomethylidene)-1,1-dimethylguanidine",,10.1002/adma.202204098,CN(C)C(=N)N=C(N)N,20.72,1.41,22.13,2022-07-13,AFM,,20.72,22.13,1.6855527714639449,-0.2755527714639447,4,11,5,0,0,129.167,-1.24383,91.49,1,3,0,0,0,0,5,0.281873777,60.47184355,-5.44512,0.637003,6.082123,-1.863191769,2.353949368,1.892677658
1191-62-4,,,,10.1021/acsami.8b02257,C(CCCCS)CCCS,18.89,0.4699999999999989,19.36,2018-04-11,AFM,,18.89,19.36,1.837532383494979,-1.3675323834949802,8,18,0,0,0,178.366,3.1866,0.0,2,2,7,0,0,0,2,0.434021734,175.076748,-6.381583,0.813906,7.195489,-1.307534981,1.007746988,137.2656439
110-02-1,,,,10.1021/nn5036476,C1=CSC=C1,13.1,2.200000000000001,15.3,2014-09-15,AFM,,13.1,15.3,2.3183859100849737,-0.1183859100849726,4,4,0,0,0,84.143,1.7481,0.0,1,0,0,1,0,0,1,0.448926646,22.88643539,-6.657911,-0.709095,5.948816,-0.759878345,1.327753052,58.37876862
824-75-9,,4-fluorobenzamide,,10.1016/j.cej.2020.127204,C1=CC(=CC=C1C(=O)N)F,19.16,2.190000000000001,21.35,2021-03,AFM,,19.16,21.35,1.8151091620477773,0.3748908379522235,7,6,1,1,1,139.129,0.9246,43.09,1,1,1,1,0,0,3,0.617349147,180.9125147,-7.171268,-1.606865,5.564403,-2.23696756,2.742310469,3.05479116
121-57-3 ,,,,10.1002/aenm.202203471,C1=CC(=CC=C1N)S(=O)(=O)O,21.49,2.600000000000001,24.09,2023-01-15,AFM,,21.49,24.09,1.621605065855258,0.9783949341447432,6,7,1,0,3,173.193,0.5155,80.39,3,2,1,1,0,0,5,0.478788443,230.7347201,-6.549767,-2.151697,4.39807,-2.077944138,2.78682832,101.2427891
 76-05-1,,,,10.1016/j.cej.2022.136936,C(=O)(C(F)(F)F)O,20.3,2.52,22.82,2022-10,AFM,,20.3,22.82,1.7204333381595918,0.7995666618404083,2,1,0,3,2,114.022,0.6333,37.3,1,1,0,0,0,0,5,0.501116333,17.08616633,-9.465996,-2.554557,6.911439,-1.284949519,3.855882591,2.481755059
366-18-7,,,,10.1039/c8ta11977e,C1=CC=NC(=C1)C2=CC=CC=N2,17.58,1.440000000000001,19.02,2019,AFM,,17.58,19.02,1.9463265319980696,-0.5063265319980685,10,8,2,0,0,156.188,2.1436,25.78,2,0,1,2,0,0,2,0.631772953,1023.952729,-6.651266,-1.671776,4.97949,-1.695379066,1.224621846,2.54e-06
646-01-5,,3-methylsulfanylpropanoic acid,,10.1016/j.cej.2021.133209,CSCCC(=O)O,20.72,1.5,22.22,2022-03,AFM,,20.72,22.22,1.6855527714639449,-0.1855527714639446,4,8,0,0,2,120.173,0.8241,37.3,2,1,3,0,0,0,3,0.598884265,29.01955001,-6.155429,-0.607701,5.547728,-2.012936104,2.798420376,77.29096035
,,4-fluorobenzylamine,FBA,10.1016/j.cej.2024.156684,C1=CC(=CC=C1CN)F,22.06,1.560000000000002,23.62,2024-11,1,,22.06,23.62,1.5742671539111652,-0.0142671539111631,7,8,1,1,0,125.146,1.2844,26.02,1,1,1,1,0,0,2,0.6008284,129.2253387,-6.205368,-0.547113,5.658255,-1.488055409,1.745937847,4.237574579
680-31-9,,N-[bis(dimethylamino)phosphoryl]-N-methylmethanamine,,10.1016/j.cej.2019.122436,CN(C)P(=O)(N(C)C)N(C)C,15.73,1.359999999999999,17.09,2020-01,AFM,,15.73,17.09,2.0999671233955635,-0.7399671233955645,6,18,3,0,1,179.204,0.7793,26.79,1,0,3,0,0,0,5,0.598068083,149.1018514,-5.830858,1.305157,7.136015,-2.854747974,0.952072463,30.21806984
1795-01-3,,,,10.1002/aenm.201703143,CCC1=CSC=C1,17.31,1.600000000000001,18.91,2018-01-22,AFM,,17.31,18.91,1.9687497534452716,-0.3687497534452704,6,8,0,0,0,112.197,2.3105,0.0,1,0,1,1,0,0,1,0.522664684,66.31310983,-6.428722,-0.522111,5.906611,-0.809838475,1.253547564,103.4600445
6165-69-1,,,,10.1016/j.cej.2022.135134,B(C1=CSC=C1)(O)O,19.74,2.060000000000002,21.8,2022-05,AFM,,19.74,21.8,1.766940760420455,0.2930592395795468,4,5,0,0,2,127.961,-0.5721,40.46,3,2,1,1,0,0,4,0.496808488,93.10259339,-6.803488,-1.146297,5.657191,-1.62141848,3.000628289,112.6931813
110-86-1,,,,10.1021/nn5036476,C1=CC=NC=C1,13.1,3.4,16.5,2014-09-15,AFM,,13.1,16.5,2.3183859100849737,1.0816140899150262,5,5,1,0,0,79.102,1.0816,12.89,1,0,0,1,0,0,1,0.453147965,34.39946188,-6.820978,-1.008176,5.812802,-2.322057608,1.342365573,1.24668173
,,4-Bromobenzamide,Br=BAD,10.1002/adfm.202214834,C1=CC(=CC=C1C(=O)N)Br,22.03,1.239999999999998,23.27,2023-03-21,2,,22.03,23.27,1.576758622960854,-0.3367586229608561,7,6,1,0,1,200.035,1.548,43.09,1,1,1,1,0,0,3,0.733567702,180.9125147,-7.060517,-1.705521,5.354996,-2.24260032,2.725901995,399.2573095
13822-56-5,,,,10.1016/j.solener.2021.06.001,CO[Si](CCCN)(OC)OC,18.85,1.869999999999997,20.72,2021-08,AFM,,18.85,20.72,1.8408543422278976,0.0291456577720992,6,17,1,0,3,179.292,0.2133,53.71,4,1,6,0,0,0,5,0.592357405,258.4364928,-5.713966,1.379413,7.093379,-2.329976125,1.37047495,32.81055841
504-29-0,,,,10.1016/j.cej.2022.139345,C1=CC=NC(=C1)N,19.15,1.770000000000003,20.92,2023-01,AFM,,19.15,20.92,1.8159396517310071,-0.0459396517310042,5,6,2,0,0,94.117,0.6638,38.91,2,1,0,1,0,0,2,0.512651003,47.19725257,-5.814541,-0.606192,5.208349,-2.19187827,2.260369364,1.612977986
60230-37-7,,,,10.1002/solr.202300028,C1=CC(=C(C(=C1)F)S(=O)(=O)N)F,21.36,1.359999999999999,22.72,2023-02-24,AFM,,21.36,22.72,1.632401431737244,-0.2724014317372449,6,5,1,2,2,193.174,0.6122,60.16,2,1,1,1,0,0,6,0.70994853,322.9488175,-7.928958,-2.104529,5.824429,-2.164149853,2.463393619,83.1091558
88-13-1,,,,10.1002/adfm.202005155,C1=CSC=C1C(=O)O,19.5,1.300000000000001,20.8,2020-09-06,AFM,,19.5,20.8,1.7868725128179677,-0.4868725128179667,5,4,0,0,2,128.152,1.4463,37.3,2,1,1,1,0,0,3,0.621041417,93.10259339,-7.198959,-1.883407,5.315552,-1.868525204,2.847945124,108.1949807
17630-76-1,,,,10.1002/solr.201900529,C1=CC2=C(C=C1Cl)C(=O)C(=O)N2,18.13,2.050000000000001,20.18,2020-01-29,AFM,,18.13,20.18,1.900649599420436,0.1493504005795649,8,4,1,0,2,181.578,1.4748,46.17,2,1,0,1,1,0,4,0.616517455,735.3653186,-7.056406,-3.510872,3.545534,-2.061127493,3.099541728,176.587511
425-99-0,,"2,2-difluoropropanediamide",,10.1002/adfm.202005776,C(=O)(C(C(=O)N)(F)F)N,20.0,2.210000000000001,22.21,2020-11-06,AFM,,20.0,22.21,1.7453480286564829,0.464651971343518,3,4,2,2,2,138.073,-1.4077,86.18,2,2,2,0,0,0,6,0.459156967,54.46500594,-7.869475,-1.506582,6.362893,-1.885994923,2.716840599,0.135287305
2129-89-7,,,,10.1002/solr.202100942,CP(=O)(C1=CC=CC=C1)C2=CC=CC=C2,18.94,1.16,20.1,2021-12-16,AFM,,18.94,20.1,1.8333799350788305,-0.6733799350788305,13,13,0,0,1,216.22,2.6303,17.07,1,0,2,2,0,0,2,0.705121799,3515.950159,-6.555063,-1.106487,5.448576,-2.884898205,1.79148973,61.78422651
1660-95-3,,,,10.1002/adfm.201910710,CC(C)OP(=O)(CP(=O)(OC(C)C)OC(C)C)OC(C)C,18.05,1.079999999999998,19.13,2020-02-20,AFM,,18.05,19.13,1.9072935168862737,-0.8272935168862756,13,30,0,0,6,344.325,5.0301,71.06,6,0,10,0,0,0,8,0.517650793,10202.11631,-7.406689,-0.199206,7.207483,-2.458032973,1.326256425,76.38742671
100-46-9,,,,10.1002/solr.202100805,C1=CC=C(C=C1)CN,20.71,0.2899999999999991,21.0,2021-11-16,AFM,,20.71,21.0,1.686383261147174,-1.396383261147175,7,9,1,0,0,107.156,1.1453,26.02,1,1,1,1,0,0,1,0.571943175,91.36757728,-5.940432,-0.310146,5.630286,-2.246545973,1.420870462,1.33635135
140-89-6,,,,10.1002/cssc.201801888,CCOC(=S)[S-].[K+],16.56,1.850000000000001,18.41,2018-11-02,AFM,,16.56,18.41,2.031036479687499,-0.1810364796874979,3,5,0,0,1,160.304,-2.1413,9.23,3,0,1,0,0,0,4,0.246081748,14.83446686,-6.713921869565218,-1.3278110405797103,5.386110828985507,-1.9814247502666669,2.294335478292753,60.48824138281341
108-01-0,,,,10.1002/solr.202101107,CN(C)CCO,19.7,0.99,20.69,2022-02-22,AFM,,19.7,20.69,1.7702627191533735,-0.7802627191533738,4,11,1,0,1,89.138,-0.4597,23.47,2,1,2,0,0,0,2,0.494592656,14.83446686,-5.972695,2.32305,8.295745,-2.566824151,1.042604791,1.699610155
51-17-2,,1H-benzimidazole,,10.1002/aenm.202202189,C1=CC=C2C(=C1)NC=N2,22.72,1.560000000000002,24.28,2022-10-06,AFM,,22.72,24.28,1.5194548348180053,0.0405451651819968,7,6,2,0,0,118.139,1.5629,28.68,1,1,0,2,0,0,2,0.558372837,254.26899,-6.345918,-0.780001,5.565917,-2.495448648,2.815781249,1.704360779
430-67-1,,"2,2-difluoroethanamine",,10.1002/aenm.202101454,C(C(F)F)N,22.28,0.8399999999999999,23.12,2021-06-23,AFM,,22.28,23.12,1.5559963808801116,-0.7159963808801117,2,5,1,2,0,81.065,0.2102,26.02,1,1,1,0,0,0,3,0.479407113,9.651484454,-6.677723,1.477091,8.154814,-1.418802396,2.036610022,3.633142164
,,Organic Phosphonate,NO_abbreviation,10.1021/acs.nanolett.3c01769,O(CC)P(CCC1(C2C=C(Br)C=CC=2C2C=CC(Br)=CC1=2)CCP(OCC)(=O)OCC)(OCC)=O,22.1,2.199999999999999,24.3,2023-09-25,1,,22.1,24.3,1.5709451951782465,0.6290548048217526,25,34,0,0,6,652.297,8.7905,71.06,6,0,14,2,1,0,10,0.190208919,42044426.28,-6.30356,-1.650898,4.652662,-2.429406581,1.48166073,313.9184944
4282-31-9,,,,10.1021/acsaem.2c00304,C1=C(SC(=C1)C(=O)O)C(=O)O,19.31,3.470000000000002,22.78,2022-05-13,AFM,,19.31,22.78,1.802651816799332,1.66734818320067,6,4,0,0,4,172.161,1.1445,74.6,3,2,2,1,0,0,5,0.701072402,346.7113537,-7.663709,-3.08737,4.576339,-1.766591299,3.100630184,50.00579728
109-69-3,,,,10.1002/solr.202100979,CCCCCl,20.56,0.7900000000000027,21.35,2022-01-06,AFM,,20.56,21.35,1.6988406063956198,-0.9088406063956171,4,9,0,0,0,92.569,2.0253,0.0,0,0,2,0,0,0,1,0.457450189,11.2451125,-7.829523,0.265437,8.09496,-1.002984993,1.141463807,118.2755917
100-97-0,,,,10.1016/j.jpowsour.2017.12.011,C1N2CN3CN1CN(C2)C3,12.7,2.220000000000001,14.92,2018-02,AFM,,12.7,14.92,2.3516054974141616,-0.1316054974141605,6,12,4,0,0,140.19,-1.0198,12.96,4,0,0,0,4,4,4,0.426761258,344.3336205,-5.855488,2.734799,8.590287,-1.887926932,1.00039991,0.269845113
92-91-1,,,,10.1002/anie.202302462,CC(=O)C1=CC=C(C=C1)C2=CC=CC=C2,20.77,1.699999999999999,22.47,2023-04-20,AFM,,20.77,22.47,1.681400323047796,0.0185996769522029,14,12,0,0,1,196.249,3.5562,17.07,1,0,2,2,0,0,1,0.671075525,3647.597028,-6.515492,-2.035619,4.479873,-2.185973396,1.361495188,3.189199002
15625-89-5,,,,10.1002/adma.202008487,CCC(COC(=O)C=C)(COC(=O)C=C)COC(=O)C=C,20.3,2.099999999999998,22.4,2021-06-04,AFM,,20.3,22.4,1.7204333381595918,0.3795666618404061,15,20,0,0,6,296.319,1.5704,78.9,6,0,10,0,0,0,6,0.345755045,28392.57776,-7.766032,-1.94957,5.816462,-1.974595241,1.375890018,6.149295402
613-94-5,,benzohydrazide,,10.1016/j.mtener.2023.101269,C1=CC=C(C=C1)C(=O)NN,21.11,1.640000000000001,22.75,2023-04,AFM,,21.11,22.75,1.6531636738179865,-0.0131636738179854,7,8,2,0,1,136.154,0.2901,55.12,2,2,1,1,0,0,3,0.330985553,237.5874173,-7.046997,-1.43287,5.614127,-2.257049573,2.274356023,3.554465829
6419-19-8,,,,10.1002/solr.202100464,C(N(CP(=O)(O)O)CP(=O)(O)O)P(=O)(O)O,20.99,2.020000000000003,23.01,2021-08-25,AFM,,20.99,23.01,1.663129550016743,0.3568704499832602,3,12,1,0,9,299.049,-1.306,175.83,4,6,6,0,0,0,13,0.322781948,721.8747789,-7.189709,-1.104942,6.084767,-2.275254,3.513535968,17.77299764
144-62-7,,,,10.1016/j.cej.2023.141705,C(=O)(C(=O)O)O,21.2,1.710000000000001,22.91,2023-03,AFM,,21.2,22.91,1.6456892666689191,0.0643107333310819,2,2,0,0,4,90.034,-0.8444,74.6,2,2,0,0,0,0,4,0.379949138,13.60964047,-8.203109,-2.939318,5.263791,-1.7928503,3.347709696,1.78e-05
1571-33-1,,,,10.1016/j.solmat.2023.112278,C1=CC=C(C=C1)P(=O)(O)O,18.95,3.07,22.02,2023-06,AFM,,18.95,22.02,1.832549445395601,1.2374505546043988,6,7,0,0,3,158.093,0.4896,57.53,1,2,1,1,0,0,4,0.584496819,165.6373293,-7.502611,-1.320784,6.181827,-2.287199804,2.934586222,75.02791193
,,4-Iodobenzamide,I-BAD,10.1002/adfm.202214834,C1=CC(=CC=C1C(=O)N)I,22.03,1.68,23.71,2023-03-21,2,,22.03,23.71,1.576758622960854,0.1032413770391458,7,6,1,0,1,247.035,1.3901,43.09,1,1,1,1,0,0,3,0.748433382,180.9125147,-6.856372,-1.694603,5.161769,-2.260233307,2.706146519,575.1713401
629-93-6,,1-iodooctadecane,,10.1002/smll.202103336,CCCCCCCCCCCCCCCCCCI,20.34,0.6700000000000017,21.01,2021-10-27,AFM,,20.34,21.01,1.717111379426673,-1.047111379426671,18,37,0,0,0,380.398,7.6829,0.0,0,0,16,0,0,0,1,0.146282339,16439.97693,-6.713921869565218,-1.3278110405797103,5.386110828985507,-1.9814247502666669,2.294335478292753,60.48824138281341
78151-58-3 ,,,,10.1002/eom2.12146,CCCCCCCCN1C(=O)C2=C3C(=CC=C4C3=C(C=C2)C5=C6C4=CC=C7C6=C(C=C5)C(=O)N(C7=O)CCCCCCCC)C1=O,19.52,2.719999999999999,22.24,2021-10-18,AFM,,19.52,22.24,1.7852115334515082,0.9347884665484908,40,42,2,0,4,614.786,9.6502,74.76,4,0,14,5,2,0,6,0.054017057,34043162465.0,-6.713921869565218,-1.3278110405797103,5.386110828985507,-1.9814247502666669,2.294335478292753,60.48824138281341
3218-36-8,,,,10.1002/anie.202302462,C1=CC=C(C=C1)C2=CC=C(C=C2)C=O,20.77,1.98,22.75,2023-04-20,AFM,,20.77,22.75,1.681400323047796,0.2985996769522039,13,10,0,0,1,182.222,3.1661,17.07,1,0,2,2,0,0,1,0.651800285,2580.414244,-6.62936,-2.261051,4.368309,-2.160612371,1.387182749,4.575806821
4418-61-5,,,,10.1002/cssc.202101965,C1(=NNN=N1)N,17.66,2.09,19.75,2021-12-09,AFM,,17.66,19.75,1.939682614532232,0.1503173854677679,1,3,5,0,0,85.07,-1.2181,80.48,4,2,0,1,0,0,5,0.413538983,33.54887502,-6.654659,-1.340847,5.313812,-2.129455318,3.004383463,1.809675179
,,3-amidinopyridine,NO_abbreviation,10.1038/s41467-023-36229-1,C1=CC(=CN=C1)C(=N)N,22.76,2.540000000000003,25.3,2023-02-15,2,,22.76,25.300000000000004,1.516132876085086,1.023867123914917,6,7,3,0,0,121.143,0.36567,62.76,2,2,1,1,0,0,3,0.416078751,129.2253387,-6.556351,-1.52541,5.030941,-2.461352764,2.289621619,1.27976834
59-67-6,938.0,pyridine-3-carboxylic acid,,10.1039/d1tc00886b,C1=CC(=CN=C1)C(=O)O,17.43,2.09,19.52,2021,AFM,,17.43,19.52,1.958783877246515,0.1312161227534849,6,5,1,0,2,123.111,0.7798,50.19,2,1,1,1,0,0,3,0.599868943,129.2253387,-7.214698,-2.289252,4.925446,-2.115414236,3.020791937,3.498106498
499-81-0,,"pyridine-3,5-dicarboxylic acid",,10.1002/solr.202000481,C1=C(C=NC=C1C(=O)O)C(=O)O,16.43,2.149999999999999,18.58,2020-10-12,AFM,,16.43,18.58,2.041832845569485,0.108167154430514,7,5,1,0,4,167.12,0.478,87.49,3,2,2,1,0,0,5,0.668249894,472.1116866,-7.540997,-2.735749,4.805248,-1.94697567,3.179189496,1.716050518
7085-85-0,,,,10.1002/solr.202300105,CCOC(=O)C(=C)C#N,17.3,2.82,20.12,2023-04-07,AFM,,17.3,20.12,1.969580243128501,0.8504197568714988,6,7,1,0,2,125.127,0.62928,50.09,3,0,2,0,0,0,3,0.308719566,86.01498079,-8.220832,-2.722437,5.498395,-2.071114077,1.685011522,6.54901887
98-58-8,,,,10.1002/solr.202200097,C1=CC(=CC=C1S(=O)(=O)Cl)Br,19.46,2.379999999999999,21.84,2022-03-15,AFM,,19.46,21.84,1.7901944715508864,0.5898055284491126,6,4,0,0,2,255.52,2.3766,34.14,2,0,1,1,0,0,5,0.722158646,230.7347201,-8.0523,-4.965804,3.086496,-1.5290902,1.936934663,224.0479498
1918-77-0,,,,10.1039/d2cc03890k,C1=CSC(=C1)CC(=O)O,18.1,2.5,20.6,2022,AFM,,18.1,20.6,1.903141068470125,0.5968589315298749,6,6,0,0,2,142.179,1.3752,37.3,2,1,2,1,0,0,3,0.676815538,144.1849754,-6.616758,-1.111062,5.505696,-1.911573639,2.873251726,86.28127391
1632-83-3,,,,10.1002/cssc.202101097,CN1C=NC2=CC=CC=C21,19.48,1.739999999999998,21.22,2021-07-05,AFM,,19.48,21.22,1.788533492184427,-0.0485334921844289,8,8,2,0,0,132.166,1.5733,17.82,2,0,0,2,0,0,2,0.531704661,367.4718276,-6.18735,-0.714296,5.473054,-2.567613281,1.563866369,3.058789411
6066-82-6,,,,10.1002/solr.202200502,C1CC(=O)N(C1=O)O,19.97,2.240000000000002,22.21,2022-07-24,AFM,,19.97,22.21,1.747839497706172,0.49216050229383,4,5,1,0,3,115.088,-0.4754,57.61,3,1,0,0,1,1,4,0.342532376,75.4050522,-7.560627,-1.639914,5.920713,-2.101400365,2.546551658,4.133243856
,,proline ,Pro,10.1002/smll.202301630,C1CC(NC1)C(=O)O,22.67,1.02,23.69,2023-04-28,1,,22.67,23.69,1.5236072832341534,-0.5036072832341534,5,9,1,0,2,115.132,-0.177,49.33,2,2,1,0,1,1,3,0.498208921,93.10259339,-5.8029,-0.650134,5.152766,-1.919682636,2.839999395,4.437004207
29515-99-9,,5-(methylthio)-1H-tetrazole,,10.1038/s41467-018-06709-w ,CSC1=NNN=N1,19.2,1.3,20.5,2018-10-26,AFM,,19.2,20.5,1.8117872033148583,-0.5117872033148585,2,4,4,0,0,116.149,-0.0784,54.46,4,1,1,1,0,0,5,0.52133893,66.31310983,-6.746216,-1.764418,4.981798,-1.777258168,3.233911622,80.57437626
110-61-2,,,,10.1016/j.jechem.2021.03.024,C(CC#N)C#N,18.4,1.900000000000002,20.3,2021-11,AFM,,18.4,20.3,1.8782263779732344,0.0217736220267674,4,4,2,0,0,80.09,0.81376,47.58,2,0,1,0,0,0,2,0.437444522,20.98630086,-9.419462,-0.270499,9.148963,-1.929451528,2.015276284,4.682158275
675-14-9,,"2,4,6-trifluoro-1,3,5-triazine",,10.1021/acsami.1c21081,C1(=NC(=NC(=N1)F)F)F,19.27,1.84,21.11,2022-01-31,AFM,,19.27,21.11,1.8059737755322507,0.0340262244677493,3,0,3,3,0,135.048,0.2889,38.67,3,0,0,1,0,0,6,0.512708866,85.75693819,-9.668556,-3.280567,6.387989,-1.141654287,3.246918671,0.142178125
791-28-6,,,,10.1002/adfm.201910710,C1=CC=C(C=C1)P(=O)(C2=CC=CC=C2)C3=CC=CC=C3,18.05,1.050000000000001,19.1,2020-02-20,AFM,,18.05,19.1,1.9072935168862737,-0.8572935168862728,18,15,0,0,1,278.291,3.326,17.07,1,0,3,3,0,0,2,0.671633424,65635.36157,-6.573255,-1.011749,5.561506,-2.815754038,1.347045934,48.35107278
130290-79-8,,,,10.1002/solr.202100979,C1COCCC1CN,20.56,1.66,22.22,2022-01-06,AFM,,20.56,22.22,1.6988406063956198,-0.0388406063956199,6,13,1,0,1,115.176,0.3717,35.25,2,1,1,0,1,1,2,0.535619149,91.36757728,-6.014408,2.322813,8.337221,-2.325078073,1.600465702,1.712570793
57-00-1,,2-[carbamimidoyl(methyl)amino]acetic acid,,10.1021/acsami.2c00231,CN(CC(=O)O)C(=N)N,20.5,1.100000000000001,21.6,2022-04-27,AFM,,20.5,21.6,1.7038235444949978,-0.6038235444949969,4,9,3,0,2,131.135,-1.10373,90.41,2,3,2,0,0,0,5,0.327362746,60.47184355,-5.751586,-0.418503,5.333083,-2.353459563,2.739752598,4.780210752
5962-42-5,,3-phosphonopropanoic acid,,10.1016/j.joule.2021.04.003,C(CP(=O)(O)O)C(=O)O,20.8,0.4199999999999982,21.22,2021-05,AFM,,20.8,21.22,1.678908853998107,-1.2589088539981088,3,7,0,0,5,154.058,-0.3612,94.83,2,3,3,0,0,0,6,0.482168215,51.00335669,-7.972435,-0.856417,7.116018,-2.231062686,3.102072389,67.54778343
62671-38-9,,,,10.1021/acsaem.0c01329,CN1C(=NN=N1)SSC2=NN=NN2C,17.9,2.770000000000003,20.67,2020-09-24,AFM,,17.9,20.67,1.9197508621347192,0.8502491378652839,4,6,8,0,0,230.282,-0.467,87.2,10,0,3,2,0,0,10,0.6540847,2679.993477,-8.015775,-4.321163,3.694612,-2.211824226,2.153482985,131.0446646
103-83-3,,,,10.1002/solr.202101107,CN(C)CC1=CC=CC=C1,19.7,0.5,20.2,2022-02-22,AFM,,19.7,20.2,1.7702627191533735,-1.2702627191533735,9,13,1,0,0,135.21,1.7482,3.24,1,0,2,1,0,0,1,0.596821422,195.625462,-5.483332,-0.137678,5.345654,-1.658126659,0.904806261,2.172499336
15509-95-2,,,,10.1016/j.cej.2023.142449,C1=CSC(=C1)C2=CC(=CC(=C2)C3=CC=CS3)C4=CC=CS4,19.56,2.900000000000002,22.46,2023-05,AFM,,19.56,22.46,1.7818895747185894,1.1181104252814127,18,12,0,0,0,324.495,6.8721,0.0,3,0,3,4,0,0,3,0.385442036,203085.6952,-5.915137,-1.71354,4.201597,-0.714027136,1.544927235,119.4037163
,602309.0,"1-[[3,3-dimethylbutan-2-yloxy(methyl)phosphoryl]oxymethyl]-2,3,4,5,6-pentafluorobenzene",,10.1002/cssc.202002707,CC(C(C)(C)C)OP(=O)(C)OCC1=C(C(=C(C(=C1F)F)F)F)F,20.19,2.059999999999999,22.25,2021-01-19,AFM,,20.19,22.25,1.7295687246751184,0.3304312753248808,14,18,0,5,3,360.259,5.1728,35.53,3,0,5,1,0,0,9,0.314418963,44447.96923,-6.713921869565218,-1.3278110405797103,5.386110828985507,-1.9814247502666669,2.294335478292753,60.48824138281341
2399-85-1,,,,10.1016/j.mtchem.2022.101362,C(C(=O)[O-])N(CC(=O)[O-])CC(=O)[O-].[K+].[K+].[K+],18.6,2.399999999999999,21.0,2023-03,AFM,,18.6,21.0,1.8616165843086403,0.5383834156913587,6,6,1,0,6,305.409,-14.4499,123.63,7,0,6,0,0,0,10,0.446223694,374.3475151,-6.713921869565218,-1.3278110405797103,5.386110828985507,-1.9814247502666669,2.294335478292753,60.48824138281341
7498-57-9,,,,10.1021/acsami.0c00762,C1=CC=C2C=C(C=CC2=C1)CC#N,18.01,2.209999999999997,20.22,2020-04-07,AFM,,18.01,20.22,1.9106154756191924,0.2993845243808044,12,9,1,0,0,167.211,2.90588,23.79,1,0,1,2,0,0,1,0.640229053,1414.083283,-6.292263,-1.51986,4.772403,-2.130570986,1.571131813,3.55651452
83-86-3,,,,10.1002/adfm.202212577,C1(C(C(C(C(C1OP(=O)(O)O)OP(=O)(O)O)OP(=O)(O)O)OP(=O)(O)O)OP(=O)(O)O)OP(=O)(O)O,19.84,2.219999999999999,22.06,2023-02-23,AFM,,19.84,22.06,1.7586358635881578,0.461364136411841,6,18,0,0,24,660.03,-3.1326,400.56,12,12,12,0,1,1,30,0.092019254,5096634.682,-9.024768,-2.586467,6.438301,-1.866293869,4.26538695,21.75322259
110-91-8,,,,10.1016/j.nanoen.2022.107200,C1COCCN1,20.88,0.6999999999999993,21.58,2022-06,AFM,,20.88,21.58,1.6722649365322697,-0.9722649365322702,4,9,1,0,1,87.122,-0.3938,21.26,2,1,0,0,1,1,2,0.434057455,34.39946188,-5.64346,2.170212,7.813672,-2.218735922,1.633554765,1.425006792
 99-06-9,,,,10.1016/j.cej.2021.131676,C1=CC(=CC(=C1)O)C(=O)O,17.07,1.19,18.26,2022-01,AFM,,17.07,18.26,1.988681505842784,-0.7986815058427841,7,6,0,0,3,138.122,1.0904,57.53,2,2,1,1,0,0,3,0.610258506,178.1927874,-6.687201,-1.899505,4.787696,-1.905287805,2.99208391,3.850593154
877-65-6,,(4-tert-butylphenyl)methanol,,10.1016/j.scib.2020.05.031,CC(C)(C)C1=CC=C(C=C1)CO,16.8,0.3999999999999986,17.2,2020-10,AFM,,16.8,17.2,2.011104727289986,-1.6111047272899874,11,16,0,0,1,164.248,2.4764,20.23,1,1,1,1,0,0,1,0.675713659,430.628114,-6.526793,-0.332387,6.194406,-2.21811006,2.013698023,4.034278873
645-65-8,,2-(1H-imidazol-5-yl)acetic acid,,10.1002/adma.201902902,C1=C(NC=N1)CC(=O)O,19.53,1.43,20.96,2019-08-12,AFM,,19.53,20.96,1.7843810437682783,-0.3543810437682784,5,6,2,0,2,126.115,0.0368,65.98,2,2,2,1,0,0,4,0.587385048,144.1849754,-6.332342,-1.278565,5.053777,-2.71044592,3.277667553,2.831318645
590-01-2,,,,10.1002/solr.202000621,CCCCOC(=O)CC,16.8,1.199999999999999,18.0,2020-11-16,AFM,,16.8,18.0,2.011104727289986,-0.811104727289987,7,14,0,0,2,130.187,1.7397,26.3,2,0,4,0,0,0,2,0.427719741,94.26737929,-7.478735,-0.199336,7.279399,-2.089808309,0.970549004,3.06217763
791-28-6,,,,10.1002/adma.201907396,C1=CC=C(C=C1)P(=O)(C2=CC=CC=C2)C3=CC=CC=C3,20.8,0.5999999999999979,21.4,2020-04-30,AFM,,20.8,21.4,1.678908853998107,-1.078908853998109,18,15,0,0,1,278.291,3.326,17.07,1,0,3,3,0,0,2,0.671633424,65635.36157,-6.573255,-1.011749,5.561506,-2.815754038,1.347045934,48.35107278
64-04-0,,,,10.1002/solr.202100805,C1=CC=C(C=C1)CCN,20.71,0.93,21.64,2021-11-16,AFM,,20.71,21.64,1.686383261147174,-0.756383261147174,8,11,1,0,0,121.183,1.1878,26.02,1,1,2,1,0,0,1,0.624507447,145.1665367,-5.95366,0.062442,6.016102,-1.388080725,1.572274692,1.834437394
10406-25-4,,,,10.1016/j.cej.2021.134223,C1=CC(=CC=C1CN)C#N,19.3,1.800000000000001,21.1,2022-03,AFM,,19.3,21.1,1.8034823064825616,-0.0034823064825606,8,8,2,0,0,132.166,1.01698,49.81,2,1,1,1,0,0,2,0.61969873,237.5874173,-6.381826,-1.680176,4.70165,-2.12501986,1.791217616,6.642882461
,,difluoroacetic anhydride,DFA,10.1002/anie.202404401,C(C(=O)OC(=O)C(F)F)(F)F,22.64,2.640000000000001,25.28,2024-06-19,1,,22.64,25.28,1.5260987522838425,1.1139012477161585,4,2,0,4,3,174.049,0.5864,43.37,3,0,2,0,0,0,7,0.349182026,169.8531812,-9.315739,-3.491762,5.823977,-1.194226712,2.645084137,2.378639316
100-46-9,,,,10.1016/j.cej.2020.127204,C1=CC=C(C=C1)CN,19.16,0.6499999999999986,19.81,2021-03,AFM,,19.16,19.81,1.8151091620477773,-1.1651091620477787,7,9,1,0,0,107.156,1.1453,26.02,1,1,1,1,0,0,1,0.571943175,91.36757728,-5.940432,-0.310146,5.630286,-2.246545973,1.420870462,1.33635135
112-55-0,,,,10.1039/d1tc01720a,CCCCCCCCCCCCS,19.07,1.82,20.89,2021,AFM,,19.07,20.89,1.8225835691968448,-0.0025835691968445,12,26,0,0,0,202.407,4.8371,0.0,1,1,10,0,0,0,1,0.380290869,812.7027727,-6.397755,0.986503,7.384258,-1.315072539,0.917840522,288.2407504
4210-32-6,,,,10.1016/j.scib.2020.05.031,CC(C)(C)C1=CC=C(C=C1)C#N,16.8,1.079999999999998,17.88,2020-10,AFM,,16.8,17.88,2.011104727289986,-0.931104727289988,11,13,1,0,0,159.232,2.85578,23.79,1,0,0,1,0,0,1,0.570675172,430.628114,-7.103577,-1.495397,5.60818,-2.202354659,1.405387176,9.24319978
2041-14-7,,,,10.1021/jacs.0c09560,C(CP(=O)(O)O)N,20.46,1.890000000000001,22.35,2020-11-16,AFM,,20.46,22.35,1.7071455032279166,0.1828544967720844,2,8,1,0,3,125.064,-0.8772,83.55,2,3,2,0,0,0,5,0.418367012,18.14170945,-6.370291,-0.010973,6.359318,-2.359935876,2.919565529,48.747042
,,Methylammonium Acetate,MAAc,10.1002/adma.202401476,CC1=C(C=CC(=C1)C2=NN(C=C2C=C3C(=O)N4C(C(=C(N=C4S3)C)C(=O)OC(C)C)C5=CC=C(C=C5)SC)C6=CC=CC=C6)OCC=C,22.36,1.150000000000002,23.51,2024-04-22,1,,22.36,23.51,1.549352463414274,-0.3993524634142722,38,36,4,0,4,676.864,6.63462,87.71,10,0,10,5,1,0,10,0.093764591,67201957046.0,-5.846715,-2.64769,3.199025,-1.893097098,0.068719,60.48824138281341
96-26-4,,,,10.1002/solr.202200082,C(C(=O)CO)O,20.21,3.050000000000001,23.26,2022-04-12,AFM,,20.21,23.26,1.727907745308659,1.322092254691342,3,6,0,0,3,90.078,-1.4599,57.53,3,2,2,0,0,0,3,0.435385209,19.80026906,-7.615272,-1.648798,5.966474,-2.183687639,2.976029184,2.799172501
540-63-6,,,,10.1002/eom2.12185,C(CS)S,19.6,1.399999999999999,21.0,2022-01-30,AFM,,19.6,21.0,1.7785676159856705,-0.3785676159856714,2,6,0,0,0,94.204,0.846,0.0,2,2,1,0,0,0,2,0.442063718,6.854752972,-6.576753,0.317916,6.894669,-1.201628213,1.290555068,47.91972677
98-73-7,,,,10.1016/j.scib.2020.05.031,CC(C)(C)C1=CC=C(C=C1)C(=O)O,16.8,1.84,18.64,2020-10,AFM,,16.8,18.64,2.011104727289986,-0.1711047272899859,11,14,0,0,2,178.231,2.6823,37.3,1,1,1,1,0,0,2,0.717431531,608.4778495,-7.022795,-1.681039,5.341756,-2.00101751,2.68965641,8.72050657
  64-10-8,,,,10.1002/smll.202300374,C1=CC=C(C=C1)NC(=O)N,17.94,2.399999999999999,20.34,2023-03-15,AFM,,17.94,20.34,1.9164289034018005,0.4835710965981987,7,8,2,0,1,136.154,1.1772,55.12,1,2,1,1,0,0,3,0.597944253,195.625462,-6.01793,-0.250826,5.767104,-2.331173427,2.999539833,3.187183354
130156-10-4,,,,10.1016/j.apsusc.2022.153051,C1=CC(=CC=C1C2=NC(=NC(=N2)C3=CC=C(C=C3)F)C4=CC=C(C=C4)F)F,18.32,1.489999999999998,19.81,2022-07,AFM,,18.32,19.81,1.884870295439072,-0.3948702954390739,21,12,3,3,0,363.342,5.2899,38.67,3,0,3,4,0,0,6,0.496400697,1891833.525,-6.713921869565218,-1.3278110405797103,5.386110828985507,-1.9814247502666669,2.294335478292753,60.48824138281341
828-51-3,,adamantane-1-carboxylic acid,,10.1002/adfm.202205507,C1C2CC3CC1CC(C2)(C3)C(=O)O,21.0,1.010000000000002,22.01,2022-06-30,AFM,,21.0,22.01,1.662299060333513,-0.652299060333511,11,16,0,0,2,180.247,2.2874,37.3,1,1,1,0,4,4,2,0.671839679,1242.959343,-7.392297,-0.432793,6.959504,-2.020419239,2.652648906,6.411169431
,,coumarin methacrylate,CMA,10.1039/d3ee00247k,C=C(C(OCCOC1C=CC2C(C)=CC(OC=2C=1)=O)=O)C,19.15,2.129999999999999,21.28,2023,2,,19.15,21.28,1.8159396517310071,0.3140603482689919,16,16,0,0,5,288.299,2.59952,65.74,5,0,5,2,0,0,5,0.366020433,45559.6803,-6.451385,-2.093315,4.35807,-2.454930874,1.927982113,7.958886702
769-92-6,,,,10.1016/j.scib.2020.05.031,CC(C)(C)C1=CC=C(C=C1)N,16.8,1.41,18.21,2020-10,AFM,,16.8,18.21,2.011104727289986,-0.6011047272899861,10,15,1,0,0,149.237,2.5663,26.02,1,1,0,1,0,0,1,0.56356383,230.7347201,-5.140353,0.091094,5.231447,-1.11120473,2.036446753,2.537481482
123-08-0,,,,10.1016/j.apsusc.2021.151259,C1=CC(=CC=C1C=O)O,18.42,2.469999999999999,20.89,2021-12,AFM,,18.42,20.89,1.8765653986067747,0.5934346013932241,7,6,0,0,2,122.123,1.2047,37.3,2,1,1,1,0,0,2,0.568137403,129.2253387,-6.840831,-1.999363,4.841468,-2.173075193,3.151869251,3.645492771
2909-79-7,,,,10.1016/j.scib.2020.05.031,CC(C)(C)C1=CC=C(C=C1)N(C)C,16.8,1.149999999999999,17.95,2020-10,AFM,,16.8,17.95,2.011104727289986,-0.861104727289987,12,19,1,0,0,177.291,3.0501,3.24,1,0,1,1,0,0,1,0.636992715,608.4778495,-4.852697,0.185955,5.038652,-1.168130979,1.150225878,0.144343738
131-57-7,,,,10.1016/j.orgel.2023.106762,COC1=CC(=C(C=C1)C(=O)C2=CC=CC=C2)O,22.58,1.020000000000003,23.6,2023-04,AFM,,22.58,23.6,1.531081690383221,-0.511081690383218,14,12,0,0,3,228.247,2.6318,46.53,3,1,3,2,0,0,3,0.821283475,9198.757612,-6.351147,-1.807688,4.543459,-2.271988632,2.912626622,3.955315314
,,4-Chlorobenzamide,Cl-BAD,10.1002/adfm.202214834,C1=CC(=CC=C1C(=O)N)Cl,22.03,0.6900000000000013,22.72,2023-03-21,2,,22.03,22.72,1.576758622960854,-0.8867586229608528,7,6,1,0,1,155.584,1.4389,43.09,1,1,1,1,0,0,3,0.655406382,180.9125147,-7.161908,-1.712749,5.449159,-2.22627348,2.74699083,168.6443021
15733-89-8,,,,10.1016/j.cej.2021.131676,C1=CC=C2C(=C1)C(=CC(=O)N2)C(=O)O,17.07,3.329999999999998,20.4,2022-01,AFM,,17.07,20.4,1.988681505842784,1.3413184941572138,10,7,1,0,3,189.17,1.2263,70.16,2,2,1,2,0,0,4,0.708218942,1772.174891,-6.502719,-2.852398,3.650321,-2.322710681,3.096793377,3.819003664
88495-63-0,,,,10.1039/d0ta10717d,C[C@@H]1CC[C@H]2[C@H]([C@@H](O[C@H]3[C@@]24[C@H]1CC[C@](O3)(OO4)C)OC(=O)CCC(=O)O)C,19.53,1.48,21.01,2021,AFM,,19.53,21.01,1.7843810437682783,-0.3043810437682783,19,28,0,0,8,384.425,2.6024,100.52,7,1,4,0,5,5,8,0.583073454,1192632.349,-6.666139,-0.658457,6.007682,-2.013398697,2.775100206,16.35091137
603-35-0,,triphenylphosphane,,10.1002/cssc.202102189,C1=CC=C(C=C1)P(C2=CC=CC=C2)C3=CC=CC=C3,18.36,1.859999999999999,20.22,2022-03-23,AFM,,18.36,20.22,1.8815483367061527,-0.0215483367061541,18,15,0,0,0,262.292,3.4448,0.0,0,0,3,3,0,0,1,0.634211574,44146.84088,-5.979551,-0.667445,5.312106,-1.181546199,1.001488366,59.87600066
616-47-7,,1-methylimidazole,,10.1002/cssc.202101097,CN1C=CN=C1,19.48,0.3999999999999986,19.88,2021-07-05,AFM,,19.48,19.88,1.788533492184427,-1.3885334921844283,4,6,2,0,0,82.106,0.4201,17.82,2,0,0,1,0,0,2,0.44321567,33.54887502,-6.372472,0.319725,6.692197,-2.732514365,1.565553476,3.605309454
58255-18-8,,,,10.1021/acsaem.1c03842,CNCC1=CC=CS1,21.11,1.560000000000002,22.67,2022-03-23,AFM,,21.11,22.67,1.6531636738179865,-0.0931636738179844,6,9,1,0,0,127.212,1.4675,12.03,2,1,2,1,0,0,2,0.634004363,107.1071907,-5.814483,-0.512508,5.301975,-1.776849997,1.431482908,94.09725045
5813-89-8,,thiophene-2-carboxamide,,10.1021/acsami.1c02929,C1=CSC(=C1)C(=O)N,17.54,2.990000000000002,20.53,2021-05-19,AFM,,17.54,20.53,1.9496484907309883,1.0403515092690137,5,5,1,0,1,127.168,0.847,43.09,2,1,1,1,0,0,3,0.596644755,93.10259339,-6.980127,-1.794934,5.185193,-2.414766847,2.720133178,74.99316299
2396-68-1,,,,10.1016/j.scib.2020.05.031,CC(C)(C)C1=CC=C(C=C1)S,16.8,1.18,17.98,2020-10,AFM,,16.8,17.98,2.011104727289986,-0.8311047272899861,10,14,0,0,0,166.289,3.2728,0.0,1,1,0,1,0,0,1,0.561786692,230.7347201,-5.946498,-0.377712,5.568786,-1.120048435,1.224213675,192.998663
 75-12-7,,,,10.1016/j.cej.2020.127204,C(=O)N,19.16,0.1699999999999982,19.33,2021-03,AFM,,19.16,19.33,1.8151091620477773,-1.6451091620477791,1,3,1,0,1,45.041,-0.8985,43.09,1,1,0,0,0,0,2,0.352325513,2.754887502,-7.141354,0.003718,7.145072,-2.41384166,2.653927842,3.160331779
108-13-4,,,,10.1016/j.cej.2022.138559,C(C(=O)N)C(=O)N,20.88,3.25,24.13,2023-01,AFM,,20.88,24.13,1.6722649365322697,1.5777350634677303,3,6,2,0,2,102.093,-1.6529,86.18,2,2,2,0,0,0,4,0.408958165,19.09358393,-6.916539,-0.440165,6.476374,-2.420671721,2.872789132,3.160608835
7575-23-7,,,,10.1002/aenm.201903696,C(CS)C(=O)OCC(COC(=O)CCS)(COC(=O)CCS)COC(=O)CCS,19.0,2.399999999999999,21.4,2020-02-03,AFM,,19.0,21.4,1.8283969969794525,0.5716030030205466,17,28,0,0,8,488.671,1.4252,105.2,12,4,16,0,0,0,12,0.146936808,1156613.687,-6.613641,-1.079561,5.53408,-1.673446677,1.755189723,179.6132951
165190-76-1,,,,10.1002/solr.202200786,C1=CSC(=C1)C2=CC=C(C3=NSN=C23)C4=CC=CS4,17.18,3.390000000000001,20.57,2022-10-02,AFM,,17.18,20.57,1.9795461193272572,1.4104538806727436,14,8,2,0,0,300.433,5.1483,25.78,5,0,2,4,0,0,5,0.511502838,75088.68526,-5.646543,-3.223881,2.422662,-1.509661261,1.600166377,91.90389056
140-29-4,,,,10.1021/acsami.0c00762,C1=CC=C(C=C1)CC#N,18.01,3.079999999999998,21.09,2020-04-07,AFM,,18.01,21.09,1.9106154756191924,1.1693845243808054,8,7,1,0,0,117.151,1.75268,23.79,1,0,1,1,0,0,1,0.54937612,145.1665367,-7.227857,-0.742579,6.485278,-2.172966347,1.51042318,3.462330663
771-60-8,,,,10.1016/j.cej.2022.139308,C1(=C(C(=C(C(=C1F)F)F)F)F)N,18.09,1.219999999999999,19.31,2023-01,AFM,,18.09,19.31,1.903971558153355,-0.6839715581533559,6,2,1,5,0,183.079,1.9643,26.02,1,1,0,1,0,0,6,0.282694929,416.3143648,-6.887292,-1.41724,5.470052,-0.904806261,2.766637461,4.582743394
1107-00-2,,,,10.1021/acsenergylett.1c01465,C1=CC2=C(C=C1C(C3=CC4=C(C=C3)C(=O)OC4=O)(C(F)(F)F)C(F)(F)F)C(=O)OC2=O,19.58,2.850000000000001,22.43,2021-09-03,AFM,,19.58,22.43,1.7802285953521302,1.0697714046478708,19,6,0,6,6,444.239,3.7185,86.74,6,0,2,2,2,0,12,0.398888892,5739390.633,-8.83297,-3.956955,4.876015,-1.495348064,2.209892217,4.203936398
123622-48-0,,,,10.1016/j.orgel.2020.105982,C1=CC=C2C(=C1)C(C3=CC=CC=C32)COC(=O)NCCCCC(=O)O,19.055,2.16,21.215,2020-12,AFM,,19.055,21.215,1.8238293037216893,0.3361706962783108,20,21,1,0,4,339.391,3.78,75.63,3,2,7,2,1,0,5,0.752844274,639876.7605,-6.047237,-1.074983,4.972254,-2.09410771,2.534469796,8.419781129
88-13-1,,,,10.1039/d0ta10270a,C1=CSC=C1C(=O)O,17.54,2.050000000000001,19.59,2021,AFM,,17.54,19.59,1.9496484907309883,0.1003515092690128,5,4,0,0,2,128.152,1.4463,37.3,2,1,1,1,0,0,3,0.621041417,93.10259339,-7.198959,-1.883407,5.315552,-1.868525204,2.847945124,108.1949807
 58-08-2,,,,10.1016/j.joule.2019.04.005,CN1C=NC2=C1C(=O)N(C(=O)N2C)C,17.59,2.66,20.25,2019-06,AFM,,17.59,20.25,1.94549604231484,0.7145039576851604,8,10,4,0,2,194.194,-1.0293,61.82,6,0,0,2,0,0,6,0.538462826,1876.090171,-6.379244,-1.463037,4.916207,-2.126706967,1.919274465,3.752998202
7803-58-9,,,,10.1002/adma.202300174,NS(=O)(=O)N,22.3,2.34,24.64,2023-03-23,AFM,,22.3,24.64,1.5543354015136523,0.7856645984863475,0,4,2,0,2,96.111,-1.8514,86.18,2,2,0,0,0,0,5,0.370556826,3.609640474,-7.805004,-1.657777,6.147227,-1.941043585,2.598253318,11.53549161
499-80-9,,"pyridine-2,4-dicarboxylic acid",,10.1002/solr.202000481,C1=CN=C(C=C1C(=O)O)C(=O)O,16.43,2.48,18.91,2020-10-12,AFM,,16.43,18.91,2.041832845569485,0.438167154430515,7,5,1,0,4,167.12,0.478,87.49,3,2,2,1,0,0,5,0.668249894,472.1116866,-7.646351,-2.887999,4.758352,-2.498305845,3.239163422,1.666063479
404-86-4,,(E)-N-[(4-hydroxy-3-methoxyphenyl)methyl]-8-methylnon-6-enamide,,10.1063/5.0082785,CC(C)/C=C/CCCCC(=O)NCC1=CC(=C(C=C1)O)OC,20.5,1.649999999999999,22.15,2022-03-07,AFM,,20.5,22.15,1.7038235444949978,-0.0538235444949988,18,27,1,0,3,305.418,3.7896,58.56,3,2,9,1,0,0,4,0.53886056,62666.95282,-6.713921869565218,-1.3278110405797103,5.386110828985507,-1.9814247502666669,2.294335478292753,60.48824138281341
87-41-2,,,,10.1002/smll.202103336,C1C2=CC=CC=C2C(=O)O1,20.34,1.649999999999999,21.99,2021-10-27,AFM,,20.34,21.99,1.717111379426673,-0.067111379426674,8,6,0,0,2,134.134,1.357,26.3,2,0,0,1,1,0,2,0.500542421,367.4718276,-7.587047,-1.87452,5.712527,-2.337187146,1.61461563,5.102076344
66-71-7,,,,10.1021/acsami.1c02929,C1=CC2=C(C3=C(C=CC=N3)C=C2)N=C1,18.03,2.129999999999999,20.16,2021-05-19,AFM,,18.03,20.16,1.908954496252733,0.221045503747266,12,8,2,0,0,180.21,2.783,25.78,2,0,0,3,0,0,2,0.49697997,3408.807763,-6.413507,-1.761055,4.652452,-3.451711667,1.386175927,1.742187847
1082-85-5,,,,10.1002/smtd.202200260,CC(=O)C1=CC=C(C=C1)N2C(=O)C=CC2=O,20.09,2.940000000000001,23.03,2022-04-24,AFM,,20.09,23.03,1.7378736215074155,1.2021263784925853,12,9,1,0,3,215.208,1.3186,54.45,3,0,2,1,1,0,4,0.55187651,5339.912091,-6.937251,-3.65195,3.285301,-2.166136286,1.969207384,3.232401976
98-80-6,,,,10.1002/solr.202000715,B(C1=CC=CC=C1)(O)O,18.8,0.25,19.05,2021-01-22,AFM,,18.8,19.05,1.8450067906440464,-1.5950067906440464,6,7,0,0,2,121.932,-0.6336,40.46,2,2,1,1,0,0,3,0.486355745,129.2253387,-6.985375,-1.029323,5.956052,-1.664575761,2.840897371,0.673437201
100-21-0,,,,10.1021/acsami.7b08488,C1=CC(=CC=C1C(=O)O)C(=O)O,16.53,1.98,18.51,2017-09-29,AFM,,16.53,18.51,2.033527948737188,-0.0535279487371878,8,6,0,0,4,166.132,1.083,74.6,2,2,2,1,0,0,4,0.688908808,473.9553411,-7.749092,-2.730827,5.018265,-1.723053059,3.004084137,3.223032902
1662-01-7,,,,10.1002/solr.202100285,C1=CC=C(C=C1)C2=C3C=CC4=C(C=CN=C4C3=NC=C2)C5=CC=CC=C5,18.41,1.390000000000001,19.8,2021-07,AFM,,18.41,19.8,1.8773958882900048,-0.4873958882900036,24,16,2,0,0,332.406,6.117,25.78,2,0,2,5,0,0,2,0.364069903,2261863.163,-6.713921869565218,-1.3278110405797103,5.386110828985507,-1.9814247502666669,2.294335478292753,60.48824138281341
13826-27-2,,,,10.1002/solr.201900217,B1(OC2=CC=CC=C2O1)B3OC4=CC=CC=C4O3,20.62,1.119999999999997,21.74,2019-08-15,AFM,,20.62,21.74,1.6938576682962414,-0.5738576682962444,12,8,0,0,4,237.816,1.984,36.92,4,0,1,2,2,0,6,0.711305264,40124.68293,-6.77558,-1.749586,5.025994,-1.756523081,1.209873267,0.038302384
14294-11-2,,,,10.1039/c7ta00894e,C1=CC=NC(=C1)NC(=S)N,15.5,2.699999999999999,18.2,2017,AFM,,15.5,18.2,2.1190683861098467,0.5809316138901521,6,7,3,0,0,153.21,0.7371,50.94,2,2,1,1,0,0,4,0.584094041,195.625462,-5.582241,-1.563938,4.018303,-1.713692338,2.47642788,170.0034432
4282-31-9,,,,10.1002/eom2.12313,C1=C(SC(=C1)C(=O)O)C(=O)O,19.96,2.890000000000001,22.85,2022-12-07,AFM,,19.96,22.85,1.7486699873894014,1.1413300126105996,6,4,0,0,4,172.161,1.1445,74.6,3,2,2,1,0,0,5,0.701072402,346.7113537,-7.663709,-3.08737,4.576339,-1.766591299,3.100630184,50.00579728
110-15-6,,,,10.1016/j.cej.2023.141705,C(CC(=O)O)C(=O)O,21.2,0.6099999999999994,21.81,2023-03,AFM,,21.2,21.81,1.6456892666689191,-1.0356892666689197,4,6,0,0,4,118.088,-0.0642,74.6,2,2,3,0,0,0,4,0.543771403,40.33920395,-7.978621,-0.682784,7.295837,-1.813340485,2.832434626,4.314202224
141-82-2,,,,10.1002/solr.202200512,C(C(=O)O)C(=O)O,21.59,1.02,22.61,2022-07-27,AFM,,21.59,22.61,1.613300169022961,-0.5933001690229609,3,4,0,0,4,104.061,-0.4543,74.6,2,2,2,0,0,0,4,0.464877094,19.09358393,-8.045747,-1.113462,6.932285,-1.70925688,3.078507316,0.211551472
526-83-0,,,,10.1016/j.jechem.2022.02.007,C(C(C(=O)O)O)(C(=O)O)O,19.7,2.120000000000001,21.82,2022-06,AFM,,19.7,21.82,1.7702627191533735,0.3497372808466272,4,6,0,0,6,150.086,-2.1226,115.06,4,4,3,0,0,0,6,0.365229185,106.7559108,-7.827648,-1.353315,6.474333,-1.869096643,3.374921096,4.234974318
64-19-7,,,,10.1039/c9ta08042b,CC(=O)O,18.84,1.719999999999999,20.56,2019,AFM,,18.84,20.56,1.841684831911128,-0.1216848319111285,2,4,0,0,2,60.052,0.0909,37.3,1,1,0,0,0,0,2,0.429882883,3.245112498,-7.875976,-0.566841,7.309135,-1.936308801,2.800297963,2.744531426
71195-85-2,,,,10.1002/aenm.202101394,C=CC(=O)OC1=C(C(=C(C(=C1F)F)F)F)F,20.22,2.200000000000003,22.42,2021-06-17,AFM,,20.22,22.42,1.7270772556254297,0.4729227443745734,9,3,0,5,2,238.111,2.4735,26.3,2,0,2,1,0,0,7,0.197438154,2883.141141,-8.25253,-2.677182,5.575348,-1.499320929,2.003466536,5.59844159
79-05-0,,,,10.1016/j.jechem.2020.07.050,CCC(=O)N,17.18,1.240000000000002,18.42,2021-05,AFM,,17.18,18.42,1.9795461193272572,-0.7395461193272554,3,7,1,0,1,73.095,-0.1183,43.09,1,1,1,0,0,0,2,0.461745441,9.651484454,-6.824449,0.343262,7.167711,-2.456699615,2.496156145,3.647010225
58-55-9,,"1,3-dimethyl-7H-purine-2,6-dione",,10.1126/science.aay9698,CN1C2=C(C(=O)N(C1=O)C)NC=N2,21.02,2.460000000000001,23.48,2019-12-20,AFM,,21.02,23.48,1.6606380809670536,0.7993619190329473,7,8,4,0,2,180.167,-1.0397,72.68,5,1,0,2,0,0,6,0.562472236,1349.044351,-6.527237,-1.596269,4.930968,-2.069263702,3.055023878,2.440943918
2646-30-2,,N-(4-bromophenyl)thiourea,BrPh-ThR,10.1039/c8ee02252f,C1=CC(=CC=C1NC(=S)N)Br,19.3,2.399999999999999,21.7,2018,AFM,,19.3,21.7,1.8034823064825616,0.5965176935174374,7,7,2,0,0,231.118,2.1046,38.05,1,2,1,1,0,0,4,0.726673381,285.5107405,-5.764312,-1.412692,4.35162,-1.49292625,2.465761011,262.0520664
109-97-7,,,,10.1039/c9ta02916h,C1=CNC=C1,19.23,0.7899999999999991,20.02,2019,AFM,,19.23,20.02,1.8092957342651692,-1.0192957342651705,4,5,1,0,0,67.091,1.0147,15.79,0,1,0,1,0,0,1,0.465869034,22.88643539,-5.77686,0.833787,6.610647,-1.274037748,2.484536877,1.30071023
51-61-6,,"4-(2-aminoethyl)benzene-1,2-diol",,10.1016/j.electacta.2020.136720,C1=CC(=C(C=C1CCN)O)O,17.74,2.01,19.75,2020-09,AFM,,17.74,19.75,1.9330386970663944,0.0769613029336053,8,11,1,0,2,153.181,0.599,66.48,3,3,2,1,0,0,3,0.544872839,310.2236679,-5.777563,-0.202053,5.57551,-2.050623893,3.061336923,3.365683801
1783-96-6,,,,10.1002/solr.202200998,C([C@H](C(=O)O)N)C(=O)O,20.6,2.099999999999998,22.7,2022-12-18,AFM,,20.6,22.7,1.6955186476627009,0.404481352337297,4,7,1,0,4,133.103,-1.127,100.62,3,3,3,0,0,0,5,0.452021255,60.47184355,-6.78534,-0.973554,5.811786,-1.825231866,2.974668614,3.316644854
,,Taurine,NO_abbreviation,10.1039/D3RA02944A,C(CS(=O)(=O)O)N,11.26,1.93,13.19,2023,2,,11.26,13.19,2.471196011799238,-0.541196011799238,2,7,1,0,3,125.149,-1.1671,80.39,3,2,2,0,0,0,5,0.45569909,18.14170945,-6.903959,-2.38191,4.522049,-1.953724097,2.834584327,52.04048277
15471-17-7,,,,10.1039/C8EE02242A ,C1=CC=[N+](C=C1)CCCS(=O)(=O)[O-],19.63,1.280000000000001,20.91,2018,AFM,,19.63,20.91,1.7760761469359816,-0.4960761469359807,8,11,1,0,3,201.247,-0.0906,61.08,3,0,4,1,0,0,5,0.504956211,717.0027293,-5.935865,-2.614104,3.321761,-3.21230577,2.310465551,100.0372972
6964-21-2,,,,10.1039/d0ta10270a,C1=CSC=C1CC(=O)O,17.54,3.07,20.61,2021,AFM,,17.54,20.61,1.9496484907309883,1.1203515092690115,6,6,0,0,2,142.179,1.3752,37.3,2,1,2,1,0,0,3,0.676815538,144.1849754,-6.726395,-0.922422,5.803973,-1.730372926,2.872734709,131.1402287
1148-79-4,,,,10.1039/c8ta11977e,C1=CC=NC(=C1)C2=NC(=CC=C2)C3=CC=CC=N3,17.58,1.100000000000001,18.68,2019,AFM,,17.58,18.68,1.9463265319980696,-0.8463265319980686,15,11,3,0,0,233.274,3.2056,38.67,3,0,2,3,0,0,3,0.681849262,26796.55429,-6.398895,-1.714599,4.684296,-2.924137044,1.592329494,1.225279774
406-34-8,,2-fluoroethanamine,,10.1002/aenm.202101454,C(CF)N,22.28,1.119999999999997,23.4,2021-06-23,AFM,,22.28,23.4,1.5559963808801116,-0.4359963808801146,2,6,1,1,0,63.075,-0.0854,26.02,1,1,1,0,0,0,2,0.452076753,6.854752972,-6.175264,1.838559,8.013823,-2.080529221,1.67331062,3.091543046
65-85-0,,,,10.1002/adfm.202005155,C1=CC=C(C=C1)C(=O)O,19.5,1.09999999999999,20.59999999999999,2020-09-06,AFM,,19.5,20.59999999999999,1.7868725128179677,-0.6868725128179776,7,6,0,0,2,122.123,1.3848,37.3,1,1,1,1,0,0,2,0.610603539,129.2253387,-7.366371,-1.858505,5.507866,-1.914566893,2.789032443,3.621848947
26537-19-9,,,,10.1016/j.scib.2020.05.031,CC(C)(C)C1=CC=C(C=C1)C(=O)OC,16.8,1.129999999999999,17.93,2020-10,AFM,,16.8,17.93,2.011104727289986,-0.881104727289987,12,16,0,0,2,192.258,2.7707,26.3,2,0,1,1,0,0,2,0.639413232,1102.91795,-6.891036,-1.495184,5.395852,-2.089182446,1.118959979,7.226474657
141-82-2,,,,10.1016/j.cej.2023.141705,C(C(=O)O)C(=O)O,21.2,1.210000000000001,22.41,2023-03,AFM,,21.2,22.41,1.6456892666689191,-0.435689266668918,3,4,0,0,4,104.061,-0.4543,74.6,2,2,2,0,0,0,4,0.464877094,19.09358393,-8.045747,-1.113462,6.932285,-1.70925688,3.078507316,0.211551472
4724-48-5,,,,10.1002/aenm.202200758,CCCCCCCCP(=O)(O)O,20.5,0.6999999999999993,21.2,2022-05-30,AFM,,20.5,21.2,1.7038235444949978,-1.0038235444949986,8,19,0,0,3,194.211,2.5246,57.53,1,2,7,0,0,0,4,0.483296322,304.9906771,-7.687874,-0.045497,7.642377,-2.385432958,2.929905861,150.5816842
791-28-6,,,,10.1016/j.solmat.2020.110527,C1=CC=C(C=C1)P(=O)(C2=CC=CC=C2)C3=CC=CC=C3,17.24,1.050000000000001,18.29,2020-07,AFM,,17.24,18.29,1.9745631812278797,-0.9245631812278784,18,15,0,0,1,278.291,3.326,17.07,1,0,3,3,0,0,2,0.671633424,65635.36157,-6.573255,-1.011749,5.561506,-2.815754038,1.347045934,48.35107278
57-13-6,,urea,,10.1002/solr.202200512,C(=O)(N)N,21.59,0.7399999999999984,22.33,2022-07-27,AFM,,21.59,22.33,1.613300169022961,-0.8733001690229625,1,4,2,0,1,60.056,-0.9762,69.11,1,2,0,0,0,0,3,0.370507351,3.245112498,-6.970285,1.375697,8.345982,-2.637056774,2.637464945,3.719987845
554-95-0,,,,10.1021/acs.jpcc.9b02621,C1=C(C=C(C=C1C(=O)O)C(=O)O)C(=O)O,13.57,2.24,15.81,2019-05-24,AFM,,13.57,15.81,2.279352894973178,-0.0393528949731778,9,6,0,0,6,210.141,0.7812,111.9,3,3,3,1,0,0,6,0.679088944,1695.999862,-8.135682,-2.596702,5.53898,-1.726127948,3.112385509,3.123361298
110-86-1,,,,10.1002/aenm.201803573,C1=CC=NC=C1,18.35,0.6699999999999982,19.02,2019-02-14,AFM,,18.35,19.02,1.8823788263893824,-1.2123788263893844,5,5,1,0,0,79.102,1.0816,12.89,1,0,0,1,0,0,1,0.453147965,34.39946188,-6.820978,-1.008176,5.812802,-2.322057608,1.342365573,1.24668173
,10006.0,Hydantoin,NO_abbreviation,10.1002/adma.202313673,C1C(=O)NC(=O)N1,23.79,1.870000000000001,25.66,2024-03-26,1,,23.79,25.66,1.4305924387124276,0.4394075612875734,3,4,2,0,2,100.077,-1.1742,58.2,2,2,0,0,1,1,4,0.376524557,46.67048278,-7.677927,-1.07618,6.601747,-2.03813386,2.804651787,2.86559736
17455-13-9,,,,10.1002/solr.202200303,C1COCCOCCOCCOCCOCCO1,16.38,3.310000000000002,19.69,2022-07-05,AFM,,16.38,19.69,2.045985293985633,1.2640147060143687,12,24,0,0,6,264.318,0.0996,55.38,6,0,0,0,1,1,6,0.618336812,13809.68247,-6.713921869565218,-1.3278110405797103,5.386110828985507,-1.9814247502666669,2.294335478292753,60.48824138281341
7803-58-9,,,,10.1002/adma.202300174,NS(=O)(=O)N,21.61,2.23,23.84,2023-03-23,AFM,,21.61,23.84,1.6116391896565014,0.6183608103434985,0,4,2,0,2,96.111,-1.8514,86.18,2,2,0,0,0,0,5,0.370556826,3.609640474,-7.805004,-1.657777,6.147227,-1.941043585,2.598253318,11.53549161
52-67-5,,(2S)-2-amino-3-methyl-3-sulfanylbutanoic acid,,10.1002/solr.202200567,CC(C)([C@H](C(=O)O)N)S,22.44,1.649999999999999,24.09,2022-08-12,AFM,,22.44,24.09,1.5427085459484364,0.1072914540515626,5,11,1,0,2,149.215,0.1067,63.32,3,3,2,0,0,0,4,0.488090598,50.07031062,-6.397141,-0.773619,5.623522,-1.837368151,2.826448118,92.12025112
131472-28-1,,,,10.1016/j.jechem.2022.09.037,C1=CC(=CC=C1C(=N)N)C(F)(F)F,21.28,2.119999999999997,23.4,2023-01,AFM,,21.28,23.4,1.6390453492030814,0.4809546507969156,8,7,2,3,0,188.152,1.98947,49.87,1,2,1,1,0,0,5,0.51349048,608.4778495,-6.764981,-2.023264,4.741717,-2.332370728,2.480264687,6.047910626
96-49-1,,,,10.1038/s41467-019-08455-z,C1COC(=O)O1,17.88,1.580000000000002,19.46,2019-01-31,AFM,,17.88,19.46,1.9214118415011787,-0.3414118415011766,3,4,0,0,3,88.062,0.1532,35.53,3,0,0,0,1,1,3,0.395310502,33.54887502,-8.425833,-0.109308,8.316525,-2.123169485,2.005643448,5.668544434
54-20-6,,"5-(trifluoromethyl)-1H-pyrimidine-2,4-dione",,10.1039/d2ta03601k,C1=C(C(=O)NC(=O)N1)C(F)(F)F,21.1,1.099999999999998,22.2,2022,AFM,,21.1,22.2,1.653994163501216,-0.5539941635012178,5,3,2,3,2,180.085,0.082,65.72,2,2,0,1,0,0,7,0.593358636,319.5721062,-8.168102,-2.645141,5.522961,-1.966731146,3.61367392,5.040658831
121-57-3,,,,10.1016/j.cej.2021.129579,C1=CC(=CC=C1N)S(=O)(=O)O,18.02,2.300000000000001,20.32,2021-09,AFM,,18.02,20.32,1.9097849859359628,0.3902150140640383,6,7,1,0,3,173.193,0.5155,80.39,3,2,1,1,0,0,5,0.478788443,230.7347201,-6.549767,-2.151697,4.39807,-2.077944138,2.78682832,101.2427891
,,coumarin hydroxyethyl,CHE,10.1039/d3ee00247k,CC1C2C=CC(OCCO)=CC=2OC(=O)C=1,19.15,1.990000000000002,21.14,2023-05-11,1,,19.15,21.14,1.8159396517310071,0.1740603482689948,12,12,0,0,4,220.224,1.47252,59.67,4,1,3,2,0,0,4,0.795617278,4793.204785,-6.488311,-2.119825,4.368486,-2.367146897,2.079114228,7.027530513
566939-58-0,,"1,3-dibromo-5-octylthieno[3,4-c]pyrrole-4,6-dione",,10.1002/solr.202200862,CCCCCCCCN1C(=O)C2=C(SC(=C2C1=O)Br)Br,19.06,1.68,20.74,2022-10-26,AFM,,19.06,20.74,1.8234140588800745,-0.1434140588800745,14,17,1,0,2,423.17,5.2296,37.38,3,0,7,1,1,0,6,0.445173559,36821.868,-7.267516,-2.550396,4.71712,-1.841776398,1.321358373,1161.412542
51-61-6,,"4-(2-aminoethyl)benzene-1,2-diol",,10.1016/j.jechem.2020.05.061,C1=CC(=C(C=C1CCN)O)O,18.31,2.720000000000002,21.03,2021-03,AFM,,18.31,21.03,1.8857007851223015,0.8342992148777002,8,11,1,0,2,153.181,0.599,66.48,3,3,2,1,0,0,3,0.544872839,310.2236679,-5.777563,-0.202053,5.57551,-2.050623893,3.061336923,3.365683801
153-94-6,,,,10.1021/acsami.1c13784,C1=CC=C2C(=C1)C(=CN2)C[C@H](C(=O)O)N,18.49,3.060000000000002,21.55,2021-12-06,AFM,,18.49,21.55,1.870751970824167,1.1892480291758347,11,12,2,0,2,204.229,1.1223,79.11,2,3,3,2,0,0,4,0.7005841,3732.535612,-5.657254,-0.610895,5.046359,-1.973452362,2.786719474,2.932683088
,,4-Aniline Sulfonic Acid,4A,10.1002/aenm.202203471,O=S(=O)(O)c1ccc(N)cc1,21.49,2.599999999999998,24.09,2023-01-15,2,,21.49,24.09,1.621605065855258,0.97839493414474,6,7,1,0,3,173.193,0.5155,80.39,3,2,1,1,0,0,5,0.478788443,230.7347201,-6.549744,-2.15314,4.396604,-2.077753658,2.786855531,101.2807661
41122-71-8 ,,,,10.1002/solr.201900125,CCCCCCCC1=CC=C(C=C1)C2=CC=C(C=C2)C#N,17.14,3.050000000000001,20.19,2019-05-24,AFM,,17.14,20.19,1.982868078060176,1.067131921939825,20,23,1,0,0,277.411,5.73818,23.79,1,0,7,2,0,0,1,0.592047457,75448.78947,-6.459092,-1.86577,4.593322,-2.188912227,1.332759949,20.11801148
 4181-05-9,,,,10.1002/anie.202302462,C1=CC=C(C=C1)N(C2=CC=CC=C2)C3=CC=C(C=C3)C=O,20.77,2.43,23.2,2023-04-20,AFM,,20.77,23.2,1.681400323047796,0.7485996769522041,19,15,1,0,1,273.335,4.9689,20.31,2,0,4,3,0,0,2,0.625475034,109676.0121,-5.554869,-1.863793,3.691076,-2.347255364,1.242608581,6.349716332
4724-48-5,,,,10.1021/acsami.2c05956,CCCCCCCCP(=O)(O)O,19.6,1.399999999999999,21.0,2022-07-07,AFM,,19.6,21.0,1.7785676159856705,-0.3785676159856714,8,19,0,0,3,194.211,2.5246,57.53,1,2,7,0,0,0,4,0.483296322,304.9906771,-7.687874,-0.045497,7.642377,-2.385432958,2.929905861,150.5816842
10312-55-7,,,,10.1002/anie.201915422,C1=CC(=C(C=C1C(=O)O)N)C(=O)O,19.13,1.960000000000001,21.09,2020-02-11,AFM,,19.13,21.09,1.8176006310974664,0.1423993689025344,8,7,1,0,4,181.147,0.6652,100.62,3,3,2,1,0,0,5,0.581727383,668.9822297,-6.143812,-2.466169,3.677643,-1.841449861,3.024764801,1.921298326
375-50-8,,,,10.1039/c8ta11835c,C(C(C(F)(F)I)(F)F)(C(F)(F)I)(F)F,17.46,2.66,20.12,2019,AFM,,17.46,20.12,1.9562924081968256,0.7037075918031743,4,0,0,8,0,453.836,4.3126,0.0,0,0,3,0,0,0,10,0.339230124,334.7907785,-8.519451,-3.073124,5.446327,-0.526948761,2.333051013,244.5909909
145100-50-1,,,,10.1016/j.cej.2022.139345,C1=CC=NC(=C1)N(S(=O)(=O)C(F)(F)F)S(=O)(=O)C(F)(F)F,20.74,2.16,22.9,2023-01,AFM,,20.74,22.9,1.6838917920974852,0.4761082079025149,7,4,2,6,4,358.241,1.5872,84.41,5,0,3,1,0,0,14,0.766406636,15404.08135,-8.228912,-4.622862,3.60605,-1.668004397,2.129183204,89.09889225
60-56-0,,,,10.1002/adma.201907396,CN1C=CNC1=S,17.68,2.420000000000002,20.1,2020-04-30,AFM,,17.68,20.1,1.9380216351657729,0.4819783648342295,4,6,2,0,0,114.173,1.08269,20.72,2,1,0,1,0,0,3,0.500456436,49.54039821,-5.169178,0.091337,5.260515,-1.698481165,2.622689155,105.3167556
56-40-6,,2-aminoacetic acid,,10.1016/j.orgel.2022.106573,C(C(=O)O)N,19.08,1.9,20.98,2022-09,AFM,,19.08,20.98,1.821753079513615,0.0782469204863849,2,5,1,0,2,75.067,-0.9703,63.32,2,2,1,0,0,0,3,0.421170888,9.651484454,-6.371559,-0.668911,5.702648,-1.928526341,2.907646936,3.088192953
2207-75-2,,,,10.1016/j.cej.2022.135671,C1(=NC(=O)NC(=O)N1)C(=O)[O-].[K+],20.06,2.030000000000001,22.09,2022-07,AFM,,20.06,22.09,1.7403650905571046,0.2896349094428965,4,2,3,0,4,195.175,-6.1743,118.74,5,2,1,1,0,0,8,0.432007662,243.6781765,-6.713921869565218,-1.3278110405797103,5.386110828985507,-1.9814247502666669,2.294335478292753,60.48824138281341
,,Anethole,NO_abbreviation,10.1002/adfm.202405374,CC=CC1=CC=C(C=C1)OC,17.4,3.010000000000002,20.41,2024-07-17,1,,17.4,20.41,1.9612753462962045,1.0487246537037975,10,12,0,0,1,148.205,2.7283,9.23,1,0,2,1,0,0,1,0.626215555,380.1758005,-5.578189,-0.6369,4.941289,-1.690154477,1.242145987,0.631459374
,,6BAS,6BAS,10.1002/aenm.202400078,C1C=C(SC2C(SC3C=CC(C(O)=O)=CC=3)=C(SC3C=CC(C(O)=O)=CC=3)C(SC3C=CC(C(O)=O)=CC=3)=C(SC3C=CC(C(O)=O)=CC=3)C=2SC2C=CC(C(O)=O)=CC=2)C=CC=1C(O)=O,22.91,2.409999999999997,25.32,2024-04-29,1,,22.91,25.32,1.5036755308366407,0.9063244691633564,48,30,0,0,12,991.158,12.783,223.8,12,6,18,7,0,0,18,0.047006069,274594000000000.0,-6.713921869565218,-1.3278110405797103,5.386110828985507,-1.9814247502666669,2.294335478292753,60.48824138281341
95-31-8,,,,10.1002/solr.202200487,CC(C)(C)NSC1=NC2=CC=CC=C2S1,19.71,1.259999999999998,20.97,2022-08-05,AFM,,19.71,20.97,1.769432229470144,-0.5094322294701459,11,14,2,0,0,238.381,3.6915,24.92,4,1,2,2,0,0,4,0.80767365,3032.652433,-6.223617,-1.325654,4.897963,-1.643731828,1.492899038,167.0530031
505-48-6,,,,10.1016/j.apsusc.2022.152670,C(CCCC(=O)O)CCC(=O)O,18.32,1.16,19.48,2022-05,AFM,,18.32,19.48,1.884870295439072,-0.724870295439072,8,14,0,0,4,174.196,1.4962,74.6,2,2,7,0,0,0,4,0.573293248,331.5038835,-7.735747,-0.641531,7.094216,-1.936363224,2.790474647,5.611287847
,,succinimide,SID,10.1002/smsc.202300218,C1CC(=O)NC1=O,22.59,1.879999999999999,24.47,2023-11-27,1,,22.59,24.47,1.530251200699991,0.3497487993000079,4,5,1,0,2,99.089,-0.577,46.17,2,1,0,0,1,1,3,0.412944652,46.67048278,-7.493601,-1.331645,6.161956,-1.890729706,2.605600396,3.396569213
62-56-6,,,,10.1002/adfm.202208885,C(=S)(N)N,20.95,3.470000000000002,24.42,2022-10-09,AFM,,20.95,24.42,1.6664515087496616,1.8035484912503403,1,4,2,0,0,76.124,-0.8113,52.04,1,2,0,0,0,0,3,0.370873527,3.245112498,-5.518597,-0.066961,5.451636,-1.65173198,2.944409537,70.6308877
,,phenylacetamide,PAM,10.1002/aenm.202203635,C1=CC=C(C=C1)CC(=O)N,22.43,0.4600000000000009,22.89,2023-02-12,2,,22.43,22.89,1.5435390356316665,-1.0835390356316654,8,9,1,0,1,135.166,0.7144,43.09,1,1,2,1,0,0,2,0.637368886,195.625462,-6.615379,-0.680564,5.934815,-2.498224211,2.144612068,3.352349518
2634-33-5,,,,10.1002/solr.202100472,C1=CC=C2C(=C1)C(=O)NS2,19.91,1.919999999999998,21.83,2021-08-21,AFM,,19.91,21.83,1.75282243580555,0.1671775641944479,7,5,1,0,1,151.19,1.5896,32.86,2,1,0,2,0,0,3,0.608972746,367.4718276,-6.325392,-1.573508,4.751884,-2.316343214,2.537000456,99.98223932
,,Nicotinamide,NTM,10.1021/acsami.0c12030,C1=CC(=CN=C1)C(=O)N,19.13,2.59,21.72,2020-11-10,2,,19.13,21.72,1.8176006310974664,0.7723993689025332,6,6,2,0,1,122.127,0.1805,55.98,2,1,1,1,0,0,3,0.577262792,129.2253387,-7.0685,-1.832701,5.235799,-2.177782765,2.686880847,2.141977402
13214-66-9,,,,10.1002/solr.202100805,C1=CC=C(C=C1)CCCCN,20.71,0.3900000000000006,21.1,2021-11-16,AFM,,20.71,21.1,1.686383261147174,-1.2963832611471735,10,15,1,0,0,149.237,1.968,26.02,1,1,4,1,0,0,1,0.650643457,414.0733221,-5.920628,0.030707,5.951335,-1.640629729,1.537716214,3.918428713
100-21-0,,,,10.1016/j.apsusc.2022.152670,C1=CC(=CC=C1C(=O)O)C(=O)O,18.32,1.98,20.3,2022-05,AFM,,18.32,20.3,1.884870295439072,0.095129704560928,8,6,0,0,4,166.132,1.083,74.6,2,2,2,1,0,0,4,0.688908808,473.9553411,-7.749092,-2.730827,5.018265,-1.723053059,3.004084137,3.223032902
693-98-1,,2-methyl-1H-imidazole,,10.1016/j.jpowsour.2020.227714,CC1=NC=CN1,17.6,1.849999999999998,19.45,2020-02,AFM,,17.6,19.45,1.94466555263161,-0.0946655526316118,4,6,2,0,0,82.106,0.71812,28.68,1,1,0,1,0,0,2,0.490446891,33.54887502,-6.210713,0.488591,6.699304,-2.650852954,2.686118928,2.558649592
753-90-2,,,,10.1002/adfm.202102902,C(C(F)(F)F)N,20.65,0.91,21.56,2021-06-17,AFM,,20.65,21.56,1.6913661992465523,-0.7813661992465525,2,4,1,3,0,99.055,0.5074,26.02,1,1,0,0,0,0,4,0.470013832,12.16479704,-7.027819,1.425245,8.453064,-1.417686729,2.014514365,4.353717046
60-10-6,,,,10.1016/j.orgel.2022.106604,C1=CC=C(C=C1)NNC(=S)N=NC2=CC=CC=C2,16.96,2.710000000000001,19.67,2022-09,AFM,,16.96,19.67,1.9978168923583104,0.7121831076416902,13,12,4,0,0,256.334,3.6719,48.78,3,2,3,2,0,0,5,0.500185735,17876.02084,-5.863941,-3.016656,2.847285,-1.797149702,2.45019609,81.32001837
70-18-8,,,,10.1016/j.solmat.2022.112088,C(CC(=O)N[C@@H](CS)C(=O)NCC(=O)O)[C@@H](C(=O)O)N,19.47,2.190000000000001,21.66,2023-01,AFM,,19.47,21.66,1.7893639818676568,0.400636018132344,10,17,3,0,6,307.328,-2.2061,158.82,6,6,9,0,0,0,10,0.263437293,13668.65574,-6.140566,-1.307565,4.833001,-2.077644813,3.361179339,165.378051
75-64-9,,,,10.1016/j.joule.2022.02.003,CC(C)(C)N,22.39,0.8099999999999987,23.2,2022-03,AFM,,22.39,23.2,1.546860994364585,-0.7368609943645863,4,11,1,0,0,73.139,0.7436,26.02,1,1,0,0,0,0,1,0.449469808,3.609640474,-5.832661,2.450099,8.28276,-2.244124158,1.362447587,0.539097987
62-56-6,,,,10.1002/adfm.202208885,C(=S)(N)N,20.95,3.060000000000002,24.01,2022-10-09,AFM,,20.95,24.01,1.6664515087496616,1.3935484912503402,1,4,2,0,0,76.124,-0.8113,52.04,1,2,0,0,0,0,3,0.370873527,3.245112498,-5.518597,-0.066961,5.451636,-1.65173198,2.944409537,70.6308877
 98-08-8,,,,10.1016/j.jechem.2022.09.037,C1=CC=C(C=C1)C(F)(F)F,21.28,1.469999999999999,22.75,2023-01,AFM,,21.28,22.75,1.6390453492030814,-0.1690453492030823,7,5,0,3,0,146.111,2.7054,0.0,0,0,0,1,0,0,3,0.527460746,165.6373293,-7.725693,-1.483759,6.241934,-1.027937846,1.441850452,5.280175187
6964-21-2,,,,10.1039/d2cc03890k,C1=CSC=C1CC(=O)O,18.1,1.899999999999999,20.0,2022,AFM,,18.1,20.0,1.903141068470125,-0.003141068470126,6,6,0,0,2,142.179,1.3752,37.3,2,1,2,1,0,0,3,0.676815538,144.1849754,-6.726395,-0.922422,5.803973,-1.730372926,2.872734709,131.1402287
63968-64-9,,,,10.1016/j.nanoen.2020.105133,C[C@@H]1CC[C@H]2[C@H](C(=O)O[C@H]3[C@@]24[C@H]1CC[C@](O3)(OO4)C)C,18.42,2.01,20.43,2020-12,AFM,,18.42,20.43,1.8765653986067747,0.133434601393225,15,22,0,0,5,282.336,2.3949,53.99,5,0,0,0,5,5,5,0.504203148,48486.52784,-6.886338,-1.050637,5.835701,-2.360888275,1.497824302,10.50051132
  2530-10-1,,,,10.1021/acsaem.2c01881,CC1=CC(=C(S1)C)C(=O)C,17.47,1.560000000000002,19.03,2022-11-25,AFM,,17.47,19.03,1.955461918513596,-0.3954619185135941,8,10,0,0,1,154.234,2.56754,17.07,2,0,1,1,0,0,2,0.568055122,180.3496273,-6.398045,-1.560991,4.837054,-2.193266051,1.391618207,95.73004939
68-94-0,,,,10.1016/j.cej.2022.135269,C1=NC2=C(N1)C(=O)NC=N2,20.42,1.719999999999999,22.14,2022-05,AFM,,20.42,22.14,1.710467461960835,0.0095325380391637,5,4,4,0,1,136.114,-0.3538,74.43,3,2,0,2,0,0,5,0.519236857,372.42214,-6.858548,-1.607001,5.251547,-2.466958313,2.998750703,0.713956035
51-61-6,,"4-(2-aminoethyl)benzene-1,2-diol",,10.1021/acsami.8b10332,C1=CC(=C(C=C1CCN)O)O,14.05,2.82,16.87,2018-08-17,AFM,,14.05,16.87,2.2394893901781527,0.5805106098218471,8,11,1,0,2,153.181,0.599,66.48,3,3,2,1,0,0,3,0.544872839,310.2236679,-5.777563,-0.202053,5.57551,-2.050623893,3.061336923,3.365683801
55-22-1,,pyridine-4-carboxylic acid,,10.1021/acs.nanolett.6b04015,C1=CN=CC=C1C(=O)O,17.19,2.08,19.27,2016-12-16,AFM,,17.19,19.270000000000003,1.978715629644028,0.1012843703559724,6,5,1,0,2,123.111,0.7798,50.19,2,1,1,1,0,0,3,0.599868943,129.2253387,-7.252998,-2.479983,4.773015,-2.07369916,3.097691353,2.1506729
108-19-0,,,,10.1039/d0ta01255f,C(=O)(N)NC(=O)N,18.26,2.899999999999999,21.16,2020,AFM,,18.26,21.16,1.88985323353845,1.010146766461549,2,5,3,0,2,103.081,-1.2666,98.21,2,3,0,0,0,0,5,0.356024368,19.09358393,-6.960312,0.01158,6.971892,-3.480963922,3.316198895,6.279011082
139-13-9,,,,10.1039/d2cc00594h,C(C(=O)O)N(CC(=O)O)CC(=O)O,19.06,2.06,21.12,2022,AFM,,19.06,21.12,1.8234140588800745,0.2365859411199256,6,9,1,0,6,191.139,-1.4578,115.14,4,3,6,0,0,0,7,0.469579148,374.3475151,-6.295876,-0.901416,5.39446,-1.763734102,2.994723416,2.465535833
5394-23-0,,"4,7-dichloro-1,10-phenanthroline",,10.1002/solr.202100285,C1=CC2=C(C=CN=C2C3=NC=CC(=C31)Cl)Cl,18.41,2.739999999999998,21.15,2021-07,AFM,,18.41,21.15,1.8773958882900048,0.8626041117099934,12,6,2,0,0,249.1,4.0898,25.78,2,0,0,3,0,0,4,0.560530895,7144.377086,-6.904172,-2.296517,4.607655,-3.079459715,1.53064125,168.3892249
,,Ytterbium Fluoride,YbF3,10.1002/smll.202303017,F[Yb](F)F,22.45,2.079999999999998,24.53,2023-07-21,2,,22.45,24.53,1.541878056265207,0.5381219437347908,0,0,0,3,0,230.034,1.2606,0.0,0,0,0,0,0,0,4,0.587259591,3.245112498,-6.713921869565218,-1.3278110405797103,5.386110828985507,-1.9814247502666669,2.294335478292753,60.48824138281341
32857-62-8,,,,10.1002/solr.202100040,C1=CC(=CC=C1CC(=O)O)C(F)(F)F,20.31,1.880000000000003,22.19,2021-03-30,AFM,,20.31,22.19,1.719602848476362,0.1603971515236408,9,7,0,3,2,204.147,2.3325,37.3,1,1,2,1,0,0,5,0.802180194,928.27268,-7.757514,-1.532045,6.225469,-1.792550975,3.059677027,7.252904294
21668-81-5,,,,10.1016/j.jallcom.2021.161352,C(CSC(=N)N)CS(=O)(=O)O,20.49,2.030000000000001,22.52,2021-12,AFM,,20.49,22.52,1.7046540341782277,0.3253459658217734,4,10,2,0,3,198.269,-0.10903,104.24,4,3,4,0,0,0,7,0.252916409,147.4254802,-6.672164,-2.751127,3.921037,-2.146271964,3.118562497,42.54814846
3081-61-6,,,,10.1002/aenm.202203190,CCNC(=O)CC[C@@H](C(=O)O)N,22.29,2.19,24.48,2022-12-04,AFM,,22.29,24.48,1.5551658911968822,0.6348341088031177,7,14,2,0,3,174.2,-0.6854,92.42,3,3,5,0,0,0,5,0.514273269,332.4085554,-6.597706,-0.659532,5.938174,-2.469352916,2.805168803,6.547170982
100-81-2,,,,10.1021/acsami.2c02250,CC1=CC(=CC=C1)CN,20.7,0.7200000000000024,21.42,2022-03-30,AFM,,20.7,21.42,1.687213750830404,-0.9672137508304016,8,11,1,0,0,121.183,1.45372,26.02,1,1,1,1,0,0,1,0.597621856,126.0543568,-5.924704,-0.011019,5.913685,-1.758645571,1.557553325,1.190355442
17422-32-1,,,,10.1002/solr.202100995,C1=CC2=C(C=CN2)C=C1Cl,20.58,1.890000000000001,22.47,2022-01-07,AFM,,20.58,22.47,1.6971796270291604,0.1928203729708406,8,6,1,0,0,151.596,2.8213,15.79,0,1,0,2,0,0,2,0.596155078,357.083,-6.006397,-0.842523,5.163874,-0.977487911,2.782093536,158.6112202
616-44-4,,3-methylthiophene,,10.1002/adfm.202005155,CC1=CSC=C1,19.5,1.100000000000001,20.6,2020-09-06,AFM,,19.5,20.6,1.7868725128179677,-0.6868725128179667,5,6,0,0,0,98.17,2.05652,0.0,1,0,0,1,0,0,1,0.465615993,33.54887502,-6.439831,-0.52454,5.915291,-0.802899568,1.263860684,80.97057425
108-32-7,,,,10.1038/s41467-019-08455-z,CC1COC(=O)O1,17.88,1.75,19.63,2019-01-31,AFM,,17.88,19.63,1.9214118415011787,-0.1714118415011787,4,6,0,0,3,102.089,0.5417,35.53,3,0,0,0,1,1,3,0.418614149,46.67048278,-8.307049,-0.035743,8.271306,-2.173129615,1.892498447,7.029429238
131-57-7,,,,10.1002/anie.202100218,COC1=CC(=C(C=C1)C(=O)C2=CC=CC=C2)O,19.82,3.27,23.09,2021-02-26,AFM,,19.82,23.09,1.7602968429546173,1.5097031570453827,14,12,0,0,3,228.247,2.6318,46.53,3,1,3,2,0,0,3,0.821283475,9198.757612,-6.351147,-1.807688,4.543459,-2.271988632,2.912626622,3.955315314
371-40-4,,,,10.1002/smll.201803350,C1=CC(=CC=C1N)F,16.0,2.600000000000001,18.6,2018-11-12,AFM,,16.0,18.6,2.0775439019483617,0.5224560980516393,6,6,1,1,0,111.119,1.4079,26.02,1,1,0,1,0,0,2,0.503067685,70.79892376,-5.568157,-0.486508,5.081649,-1.440381036,2.296941485,4.108654483
79-40-3,,,,10.1016/j.mtener.2022.101004,C(=S)(C(=S)N)N,18.58,2.48,21.06,2022-06,AFM,,18.58,21.06,1.8632775636751,0.6167224363249,2,4,2,0,0,120.202,-0.4414,52.04,2,2,0,0,0,0,4,0.425428314,13.60964047,-6.264574,-2.995069,3.269505,-1.026985447,2.650716897,0.006906071
104934-52-3,,,,10.1002/aenm.201703143,CCCCCCCCCCCCC1=CSC=C1,17.31,1.600000000000001,18.91,2018-01-22,AFM,,17.31,18.91,1.9687497534452716,-0.3687497534452704,16,28,0,0,0,252.467,6.2115,0.0,1,0,11,1,0,0,1,0.410553896,10666.17966,-6.380391,-0.496136,5.884255,-0.829267415,1.236458805,326.8591515
106-45-6,,,,10.1002/aenm.201803573,CC1=CC=C(C=C1)S,18.35,0.389999999999997,18.74,2019-02-14,AFM,,18.35,18.74,1.8823788263893824,-1.4923788263893856,7,8,0,0,0,124.208,2.28372,0.0,1,1,0,1,0,0,1,0.503895057,70.79892376,-6.726535,-0.5504,6.176135,-1.148212234,1.084401501,138.5428551
,,"9H-carbazole-3,6-diyl tetraethyl bisphosphate","3,6-CzBP",10.1007/s40820-024-01613-z,CCOP(OCC)(C1C=C2C3C=C(P(OCC)(OCC)=O)C=CC=3NC2=CC=1)=O,23.47,1.620000000000001,25.09,2025-01-10,1,,23.47,25.09,1.457168108575778,0.162831891424223,20,27,1,0,6,439.385,5.1039,86.85,6,1,10,3,0,0,9,0.442309612,3245762.677,-6.435924,-1.552764,4.88316,-2.822475254,3.029091414,100.4278118
94-62-2,,,,10.1021/acssuschemeng.2c05527,C1CCN(CC1)C(=O)/C=C/C=C/C2=CC3=C(C=C2)OCO3,21.49,1.880000000000003,23.37,2022-11-29,AFM,,21.49,23.37,1.621605065855258,0.2583949341447451,17,19,1,0,3,285.343,2.9972,38.77,3,0,3,1,2,1,4,0.632788302,122221.3537,-5.686442,-1.98662,3.699822,-2.693819754,1.422639203,11.49669357
 4430-05-1,,,,10.1016/j.nanoen.2022.107200,C1C(=O)NC(=O)CO1,20.88,2.170000000000002,23.05,2022-06,AFM,,20.88,23.05,1.6722649365322697,0.4977350634677326,4,5,1,0,3,115.088,-1.3406,55.4,3,1,0,0,1,1,4,0.39736066,64.0524865,-7.770922,-1.871231,5.899691,-1.711950808,2.569082697,3.056918646
98-60-2,,,,10.1039/d2tc00982j,C1=CC(=CC=C1S(=O)(=O)Cl)Cl,18.29,1.73,20.02,2022,AFM,,18.29,20.02,1.887361764488761,-0.157361764488761,6,4,0,0,2,211.069,2.2675,34.14,2,0,1,1,0,0,5,0.667367495,230.7347201,-8.310704,-5.003085,3.307619,-1.503375427,1.975302737,74.26500083
1109-15-5,,,,10.1021/acsami.0c16939,B(C1=C(C(=C(C(=C1F)F)F)F)F)(C2=C(C(=C(C(=C2F)F)F)F)F)C3=C(C(=C(C(=C3F)F)F)F)F,19.07,2.350000000000001,21.42,2021-01-11,AFM,,19.07,21.42,1.8225835691968448,0.5274164308031564,18,0,0,15,0,511.98,4.2893,0.0,0,0,3,3,0,0,16,0.212966602,16134637.82,-8.508497,-4.315703,4.192794,-0.453314713,2.695017056,1.210572919
110-86-1,,,,10.1039/c8ta11977e,C1=CC=NC=C1,17.58,1.41999999999999,18.99999999999999,2019,AFM,,17.58,18.99999999999999,1.9463265319980696,-0.5263265319980797,5,5,1,0,0,79.102,1.0816,12.89,1,0,0,1,0,0,1,0.453147965,34.39946188,-6.820978,-1.008176,5.812802,-2.322057608,1.342365573,1.24668173
65-85-0,,,,10.1002/aenm.202203635,C1=CC=C(C=C1)C(=O)O,22.43,1.18,23.61,2023-02-12,AFM,,22.43,23.61,1.5435390356316665,-0.3635390356316663,7,6,0,0,2,122.123,1.3848,37.3,1,1,1,1,0,0,2,0.610603539,129.2253387,-7.366371,-1.858505,5.507866,-1.914566893,2.789032443,3.621848947
1835-65-0,,,,10.1021/acsami.1c07610,C(#N)C1=C(C(=C(C(=C1F)F)F)F)C#N,19.4,3.420000000000002,22.82,2021-08-19,AFM,,19.4,22.82,1.7951774096502646,1.6248225903497375,8,0,2,4,0,200.094,1.98636,47.58,2,0,0,1,0,0,6,0.364908763,1205.566074,-9.007059,-3.772639,5.23442,-1.46805503,2.641138484,0.409336556
3300-51-4,,,,10.1002/aesr.202200128,C1=CC(=CC=C1CN)C(F)(F)F,20.66,1.7,22.36,2022-11-29,AFM,,20.66,22.36,1.6905357095633229,0.0094642904366772,8,8,1,3,0,175.153,2.1641,26.02,1,1,1,1,0,0,4,0.694953068,430.628114,-6.49018,-1.24393,5.24625,-1.259261958,1.922920792,8.285838436
71-30-7,,,,10.1016/j.cej.2022.139535,C1=C(NC(=O)N=C1)N,20.07,2.01,22.08,2023-01,AFM,,20.07,22.08,1.7395346008738748,0.270465399126125,4,5,3,0,1,111.104,-0.6479,71.77,3,2,0,1,0,0,4,0.467041616,64.0524865,-6.226305,-1.386668,4.839637,-2.91395998,3.313504967,7.213539437
121-69-7,,,,10.1021/acssuschemeng.0c02983,CN(C)C1=CC=CC=C1,18.48,1.649999999999999,20.13,2020-07-13,AFM,,18.48,20.13,1.8715824605073967,-0.2215824605073977,8,11,1,0,0,121.183,1.7526,3.24,1,0,1,1,0,0,1,0.546827449,129.2253387,-5.012038,0.113466,5.125504,-1.196403624,1.19321989,3.962465398
63-91-2,,,,10.1002/smtd.202200669,C1=CC=C(C=C1)C[C@@H](C(=O)O)N,19.07,2.879999999999999,21.95,2022-11-10,AFM,,19.07,21.95,1.8225835691968448,1.0574164308031544,9,11,1,0,2,165.192,0.641,63.32,2,2,3,1,0,0,3,0.690462799,526.6054189,-6.252346,-0.563038,5.689308,-1.853803836,2.680595014,3.175249603
60-35-5,,,,10.1016/j.cej.2022.138559,CC(=O)N,20.88,1.82,22.7,2023-01,AFM,,20.88,22.7,1.6722649365322697,0.1477350634677305,2,5,1,0,1,59.068,-0.5084,43.09,1,1,0,0,0,0,2,0.401030923,3.245112498,-6.853988,0.356098,7.210086,-2.498414691,2.539122945,3.590106949
5198-87-8,,"2-chloro-1,3-thiazole-4-carboxylic acid",,10.1002/cssc.202202092,C1=C(N=C(S1)Cl)C(=O)O,19.83,2.720000000000002,22.55,2023-02-20,AFM,,19.83,22.55,1.7594663532713877,0.9605336467286144,4,2,1,0,2,163.585,1.4947,50.19,3,1,1,1,0,0,5,0.682699821,130.4959298,-7.819754,-2.493442,5.326312,-2.139659593,3.107269766,193.0509606
95-50-1,,,,10.1021/acssuschemeng.2c05816,C1=CC=C(C(=C1)Cl)Cl,19.07,1.68,20.75,2022-12-12,AFM,,19.07,20.75,1.8225835691968448,-0.1425835691968446,6,4,0,0,0,147.004,2.9934,0.0,0,0,0,1,0,0,2,0.528586339,72.49526583,-7.192901,-1.073571,6.11933,-0.941868188,1.436408172,151.1600275
3978-81-2,,,,10.1016/j.scib.2020.05.031,CC(C)(C)C1=CC=NC=C1,16.8,1.300000000000001,18.1,2020-10,AFM,,16.8,18.1,2.011104727289986,-0.7111047272899851,9,13,1,0,0,135.21,2.3791,12.89,1,0,0,1,0,0,1,0.53191532,165.6373293,-6.672149,-0.771109,5.90104,-2.439719701,1.25327545,5.072291532
7664-38-2,,,,10.1021/acsami.9b11817,OP(=O)(O)O,19.67,1.349999999999998,21.02,2019-09-17,AFM,,19.67,21.02,1.7727541882030626,-0.4227541882030645,0,3,0,0,4,97.994,-0.9286,77.76,1,3,0,0,0,0,5,0.341890659,3.609640474,-8.62307,-1.360239,7.262831,-2.099604413,3.39870386,10.37857609
102-07-8,,,,10.1021/acsaem.2c02313,C1=CC=C(C=C1)NC(=O)NC2=CC=CC=C2,20.3,1.399999999999999,21.7,2022-10-25,AFM,,20.3,21.7,1.7204333381595918,-0.3204333381595927,13,12,2,0,1,212.252,3.3306,41.13,1,2,2,2,0,0,3,0.787195187,6213.389727,-5.901474,-0.65493,5.246544,-1.92346502,3.269912304,2.536889242
616-44-4,,3-methylthiophene,,10.1002/aenm.201703143,CC1=CSC=C1,17.31,1.190000000000001,18.5,2018-01-22,AFM,,17.31,18.5,1.9687497534452716,-0.7787497534452703,5,6,0,0,0,98.17,2.05652,0.0,1,0,0,1,0,0,1,0.465615993,33.54887502,-6.439831,-0.52454,5.915291,-0.802899568,1.263860684,80.97057425
55-21-0,,benzamide,,10.1016/j.cej.2020.127204,C1=CC=C(C=C1)C(=O)N,19.16,0.9699999999999988,20.13,2021-03,AFM,,19.16,20.13,1.8151091620477773,-0.8451091620477785,7,7,1,0,1,121.139,0.7855,43.09,1,1,1,1,0,0,2,0.585936717,129.2253387,-6.938812,-1.387641,5.551171,-2.390766393,2.534170471,3.564226341
59-92-7,,"(2S)-2-amino-3-(3,4-dihydroxyphenyl)propanoic acid",,10.1007/s12274-021-3600-z,C1=CC(=C(C=C1C[C@@H](C(=O)O)N)O)O,19.21,2.25,21.46,2021-07-09,AFM,,19.21,21.46,1.8109567136316287,0.4390432863683713,9,11,1,0,4,197.19,0.0522,103.78,4,4,3,1,0,0,5,0.512506925,1115.779106,-5.841061,-0.801351,5.03971,-2.094216555,3.015676194,1.787500516
110-17-8,,,,10.1002/solr.202000732,C(=C/C(=O)O)\C(=O)O,19.18,1.300000000000001,20.48,2021-03-09,AFM,,19.18,20.48,1.813448182681318,-0.5134481826813171,4,4,0,0,4,116.072,-0.2882,74.6,2,2,2,0,0,0,4,0.48598391,40.33920395,-8.189296,-3.21913,4.970166,-1.704658153,3.124412948,2.54e-06
59337-93-8,,,,10.1002/solr.202100731,COC(=O)C1=C(C=CS1)S(=O)(=O)N,19.19,1.579999999999998,20.77,2021-11-23,AFM,,19.19,20.77,1.812617692998088,-0.2326176929980901,6,7,1,0,4,221.259,0.1821,86.46,5,1,2,1,0,0,7,0.721693991,824.4983741,-7.674056,-2.940456,4.7336,-2.084502086,2.478114987,81.83542932
1078-61-1,,,,10.1007/s12274-021-3600-z,C1=CC(=C(C=C1CCC(=O)O)O)O,19.21,1.300000000000001,20.51,2021-07-09,AFM,,19.21,20.51,1.8109567136316287,-0.5109567136316278,9,10,0,0,4,182.175,1.115,77.76,3,3,3,1,0,0,4,0.611801666,734.6523961,-6.00416,-0.681521,5.322639,-1.904525886,3.157420376,1.401584105
,,4-fluorobenzamide,FBAD,10.1002/adfm.202214834,C1=CC(=CC=C1C(=O)N)F,22.03,2.049999999999997,24.08,2023-03-21,2,,22.03,24.08,1.576758622960854,0.473241377039143,7,6,1,1,1,139.129,0.9246,43.09,1,1,1,1,0,0,3,0.617349147,180.9125147,-7.171268,-1.606865,5.564403,-2.23696756,2.742310469,3.05479116
103-81-1,,,,10.1002/aenm.202203635,C1=CC=C(C=C1)CC(=O)N,22.43,0.5500000000000007,22.98,2023-02-12,AFM,,22.43,22.98,1.5435390356316665,-0.9935390356316656,8,9,1,0,1,135.166,0.7144,43.09,1,1,2,1,0,0,2,0.637368886,195.625462,-6.615379,-0.680564,5.934815,-2.498224211,2.144612068,3.352349518
4942-47-6,,,,10.1002/adfm.202205507,C1C2CC3CC1CC(C2)(C3)CC(=O)O,21.0,0.6700000000000017,21.67,2022-06-30,AFM,,21.0,21.67,1.662299060333513,-0.9922990603335112,12,18,0,0,2,194.274,2.6775,37.3,1,1,2,0,4,4,2,0.733428245,1802.739703,-7.397617,-0.524519,6.873098,-1.973397939,2.664513077,6.40952997
30363-03-2,,,,10.1016/j.apsusc.2022.153051,C1=CC(=CC=C1C2=NC(=NC(=N2)C3=CC=C(C=C3)Br)C4=CC=C(C=C4)Br)Br,18.32,0.9299999999999996,19.25,2022-07,AFM,,18.32,19.25,1.884870295439072,-0.9548702954390724,21,12,3,0,0,546.06,7.1601,38.67,3,0,3,4,0,0,6,0.274039537,1891833.525,-7.014499,-2.654846,4.359653,-0.747061776,1.328814296,0.953088579
63968-64-9,,,,10.1039/d0ta10717d,C[C@@H]1CC[C@H]2[C@H](C(=O)O[C@H]3[C@@]24[C@H]1CC[C@](O3)(OO4)C)C,19.53,1.57,21.1,2021,AFM,,19.53,21.1,1.7843810437682783,-0.2143810437682782,15,22,0,0,5,282.336,2.3949,53.99,5,0,0,0,5,5,5,0.504203148,48486.52784,-6.886338,-1.050637,5.835701,-2.360888275,1.497824302,10.50051132
107-99-3,,,,10.1002/solr.202101107,CN(C)CCCl,19.7,0.6000000000000014,20.3,2022-02-22,AFM,,19.7,20.3,1.7702627191533735,-1.1702627191533723,4,10,1,0,0,107.584,0.7868,3.24,1,0,2,0,0,0,2,0.471873924,14.83446686,-5.559483,0.400831,5.960314,-2.289621619,1.223288487,111.8318059
939-97-9,,,,10.1016/j.scib.2020.05.031,CC(C)(C)C1=CC=C(C=C1)C=O,16.8,1.349999999999998,18.15,2020-10,AFM,,16.8,18.15,2.011104727289986,-0.6611047272899879,11,14,0,0,1,162.232,2.7966,17.07,1,0,1,1,0,0,1,0.580184224,430.628114,-6.989005,-1.980179,5.008826,-2.210572502,1.322718943,8.274125821
75-89-8,,,,10.1016/j.isci.2019.06.004,C(C(F)(F)F)O,19.71,1.210000000000001,20.92,2019-06,AFM,,19.71,20.92,1.769432229470144,-0.5594322294701428,2,3,0,3,1,100.039,0.541,20.23,1,1,0,0,0,0,4,0.470674891,12.16479704,-8.755655,0.500085,9.25574,-1.655759267,2.786392937,3.41192931
22282-72-0,,,,10.1016/j.cej.2021.131676,C1=CNC(=O)C=C1C(=O)O,17.07,2.190000000000001,19.26,2022-01,AFM,,17.07,19.26,1.988681505842784,0.2013184941572168,6,5,1,0,3,139.11,0.0731,70.16,2,2,1,1,0,0,4,0.578083505,178.1927874,-6.552333,-2.689176,3.863157,-2.359935876,3.09918798,2.602688819
582-24-1,,,,10.1016/j.apsusc.2022.153842,C1=CC=C(C=C1)C(=O)CO,19.61,1.100000000000001,20.71,2022-10,AFM,,19.61,20.71,1.777737126302441,-0.6777371263024401,8,8,0,0,2,136.15,0.8616,37.3,2,1,2,1,0,0,2,0.612106042,237.5874173,-7.352139,-2.346687,5.005452,-2.291499205,1.594560829,4.251267256
725-89-3,,,,10.1021/acsami.1c18035,C1=C(C=C(C=C1C(F)(F)F)C(F)(F)F)C(=O)O,18.45,2.640000000000001,21.09,2022-01-12,AFM,,18.45,21.09,1.8740739295570856,0.7659260704429152,9,4,0,6,2,258.117,3.4224,37.3,1,1,1,1,0,0,8,0.783385752,2810.023503,-8.781966,-3.064599,5.717367,-1.360433943,3.422894795,3.454547671
83558-87-6 ,,,,10.1002/solr.202200296,C1=CC(=C(C=C1C(C2=CC(=C(C=C2)O)N)(C(F)(F)F)C(F)(F)F)N)O,18.2,2.100000000000001,20.3,2022-05-24,AFM,,18.2,20.3,1.8948361716378284,0.2051638283621726,15,12,2,6,2,366.261,3.6729,92.5,4,4,2,2,0,0,10,0.370710374,152766.3,-6.713921869565218,-1.3278110405797103,5.386110828985507,-1.9814247502666669,2.294335478292753,60.48824138281341
141-32-2,,,,10.1002/solr.202000621,CCCCOC(=O)C=C,16.8,3.199999999999999,20.0,2020-11-16,AFM,,16.8,20.0,2.011104727289986,1.1888952727100128,7,12,0,0,2,128.171,1.5157,26.3,2,0,4,0,0,0,2,0.32571682,94.26737929,-7.59217,-1.728899,5.863271,-2.02335807,1.262717806,3.787269291
2440-22-4,,,,10.1016/j.jechem.2021.09.027,CC1=CC(=C(C=C1)O)N2N=C3C=CC=CC3=N2,21.26,1.199999999999999,22.46,2022-04,AFM,,21.26,22.46,1.640706328569541,-0.4407063285695416,13,11,3,0,1,225.251,2.43452,50.94,4,1,1,3,0,0,4,0.691609741,14037.80909,-6.230947,-1.80526,4.425687,-2.609981431,2.864544078,4.015070491
3238-40-2,,,,10.1021/acssuschemeng.2c07584,C1=C(OC(=C1)C(=O)O)C(=O)O,21.73,2.34,24.07,2023-03-27,AFM,,21.73,24.07,1.601673313457745,0.7383266865422549,6,4,0,0,5,156.093,0.676,87.74,3,2,2,1,0,0,5,0.656636652,346.7113537,-7.730698,-2.898908,4.83179,-2.086107558,3.109637158,5.425487351
,,prolinamide,ProA,10.1002/smll.202301630,C1CC(NC1)C(=O)N,22.67,1.940000000000001,24.61,2023-04-28,1,,22.67,24.610000000000003,1.5236072832341534,0.4163927167658476,5,10,2,0,1,114.148,-0.7763,55.12,2,2,1,0,1,1,3,0.469740382,93.10259339,-5.98313,0.632982,6.616112,-2.623995302,1.935438036,4.76504129
65-71-4,,,,10.1021/acsaem.0c03068,CC1=CNC(=O)NC1=O,19.0,1.0,20.0,2021-04-12,AFM,,19.0,20.0,1.8283969969794525,-0.8283969969794525,5,6,2,0,2,126.115,-0.62838,65.72,2,2,0,1,0,0,4,0.485781309,104.2009193,-6.929505,-1.643522,5.285983,-2.090978399,3.027050559,5.328959954
619-65-8,,4-cyanobenzoic acid,,10.1021/acs.nanolett.6b04015,C1=CC(=CC=C1C#N)C(=O)O,17.19,1.079999999999998,18.27,2016-12-16,AFM,,17.19,18.27,1.978715629644028,-0.8987156296440295,8,5,1,0,2,147.133,1.25648,61.09,2,1,1,1,0,0,3,0.649880794,335.4793898,-7.904219,-2.784231,5.119988,-1.920444555,3.141229593,1.847232816
52-90-4,,(2R)-2-amino-3-sulfanylpropanoic acid,,10.1002/solr.202200935,C([C@@H](C(=O)O)N)S,14.71,2.699999999999999,17.41,2023-01-05,AFM,,14.71,17.41,2.1846770710849928,0.5153229289150061,3,7,1,0,2,121.161,-0.6719,63.32,3,3,2,0,0,0,4,0.424381502,27.9770933,-6.541008,-0.915591,5.625417,-1.842619951,3.035894264,101.2349172
 58-08-2,,,,10.1126/science.aay9698,CN1C=NC2=C1C(=O)N(C(=O)N2C)C,21.02,1.300000000000001,22.32,2019-12-20,AFM,,21.02,22.32,1.6606380809670536,-0.3606380809670526,8,10,4,0,2,194.194,-1.0293,61.82,6,0,0,2,0,0,6,0.538462826,1876.090171,-6.379244,-1.463037,4.916207,-2.126706967,1.919274465,3.752998202
700-58-3,,,,10.1002/adfm.202205507,C1C2CC3CC1CC(C2)C3=O,21.0,1.82,22.82,2022-06-30,AFM,,21.0,22.82,1.662299060333513,0.157700939666487,10,14,0,0,1,150.221,2.0116,17.07,1,0,0,0,4,4,1,0.515964418,570.2160527,-6.375115,-0.585203,5.789912,-2.252151521,0.839172365,5.736143605
2039-67-0,,,,10.1002/aenm.202201463,COC1=CC=CC(=C1)CCN,21.36,0.7800000000000011,22.14,2022-09-13,AFM,,21.36,22.14,1.632401431737244,-0.8524014317372428,9,13,1,0,1,151.209,1.1964,35.25,2,1,3,1,0,0,2,0.704040982,374.2674096,-5.715697,0.068575,5.784272,-1.912172289,1.678344729,3.162568563
50413-30-4,,,,10.1016/j.cej.2022.139321,COC1=CC(=C(C=C1)C(=O)OC)N,19.45,2.330000000000002,21.78,2023-01,AFM,,19.45,21.78,1.7910249612341165,0.5389750387658856,9,11,1,0,3,181.191,1.064,61.55,4,1,2,1,0,0,4,0.547123264,862.5495286,-5.672172,-1.20323,4.468942,-1.902539454,2.029562269,3.083808348
104-15-4,,,,10.1002/solr.202000113,CC1=CC=C(C=C1)S(=O)(=O)O,18.57,0.9699999999999988,19.54,2020-04-06,AFM,,18.57,19.54,1.8641080533583292,-0.8941080533583307,7,8,0,0,3,172.205,1.24172,54.37,2,1,1,1,0,0,4,0.648272386,230.7347201,-7.802163,-2.422032,5.380131,-1.924090883,2.836815661,101.5325594
103577-45-3,,,,10.1016/j.cej.2022.137416,CC1=C(C=CN=C1CS(=O)C2=NC3=CC=CC=C3N2)OCC(F)(F)F,21.5,2.550000000000001,24.05,2022-10,AFM,,21.5,24.05,1.6207745761720282,0.9292254238279728,16,14,3,3,2,369.368,3.51522,67.87,4,1,5,3,0,0,9,0.747285964,462333.6281,-6.713921869565218,-1.3278110405797103,5.386110828985507,-1.9814247502666669,2.294335478292753,60.48824138281341
107-95-9,,,,10.1021/jacs.0c09560,C(CN)C(=O)O,20.46,0.8000000000000007,21.26,2020-11-16,AFM,,20.46,21.26,1.7071455032279166,-0.907145503227916,3,7,1,0,2,89.094,-0.5802,63.32,2,2,2,0,0,0,3,0.475391945,14.83446686,-6.113169,-0.585554,5.527615,-2.02471864,2.757276739,2.860948408
3978-81-2,,,,10.1016/j.jpowsour.2019.01.064,CC(C)(C)C1=CC=NC=C1,16.14,1.439999999999998,17.58,2019-03,AFM,,16.14,17.58,2.065917046383146,-0.625917046383148,9,13,1,0,0,135.21,2.3791,12.89,1,0,0,1,0,0,1,0.53191532,165.6373293,-6.672149,-0.771109,5.90104,-2.439719701,1.25327545,5.072291532
290-37-9,,pyrazine,,10.1039/C9SE01041F,C1=CN=CC=N1,18.79,1.300000000000001,20.09,2020,AFM,,18.79,20.09,1.845837280327276,-0.5458372803272753,4,4,2,0,0,80.09,0.4766,25.78,2,0,0,1,0,0,2,0.452557143,34.39946188,-6.875637,-1.860947,5.01469,-1.942458578,1.310827561,2.54e-06
1259-35-4,,,,10.1002/adfm.201910710,C1(=C(C(=C(C(=C1F)F)P(C2=C(C(=C(C(=C2F)F)F)F)F)C3=C(C(=C(C(=C3F)F)F)F)F)F)F)F,18.05,2.989999999999998,21.04,2020-02-20,AFM,,18.05,21.04,1.9072935168862737,1.0827064831137243,18,0,0,15,0,532.142,5.5313,0.0,0,0,3,3,0,0,16,0.180317278,16134637.82,-8.187845,-2.878745,5.3091,-0.484444554,2.417515199,61.50042437
3978-81-2,,,,10.1016/j.apsusc.2019.04.069,CC(C)(C)C1=CC=NC=C1,14.56,1.95,16.51,2019-08,AFM,,14.56,16.51,2.197134416333438,-0.2471344163334381,9,13,1,0,0,135.21,2.3791,12.89,1,0,0,1,0,0,1,0.53191532,165.6373293,-6.672149,-0.771109,5.90104,-2.439719701,1.25327545,5.072291532
583050-70-8,,"2,7-dioctyl-[1]benzothiolo[3,2-b][1]benzothiole",,10.1021/acsenergylett.1c01898,CCCCCCCCC1=CC2=C(C=C1)C3=C(S2)C4=C(S3)C=C(C=C4)CCCCCCCC,19.17,2.77,21.94,2021-11-04,AFM,,19.17,21.94,1.8142786723645477,0.9557213276354526,30,40,0,0,0,464.784,11.0752,0.0,2,0,14,4,0,0,2,0.162711226,30246371.23,-5.596698,-1.364585,4.232113,-0.798709013,1.09700038,150.796817
,,5‐Amino‐2‐Fluorobenzoic Acid,5‐AFA,10.1002/solr.202300766,C1=CC(=C(C=C1N)C(=O)O)F,19.17,1.199999999999996,20.37,2023-11-10,1,,19.17,20.37,1.8142786723645477,-0.6142786723645515,7,6,1,1,2,155.128,1.1061,63.32,2,2,1,1,0,0,4,0.596766898,267.1888101,-5.940399,-1.877588,4.062811,-2.566932996,2.734092626,7.315564747
110-86-1,,,,10.1016/j.jechem.2020.04.049,C1=CC=NC=C1,18.83,1.540000000000003,20.37,2021-01,AFM,,18.83,20.37,1.8425153215943573,-0.3025153215943545,5,5,1,0,0,79.102,1.0816,12.89,1,0,0,1,0,0,1,0.453147965,34.39946188,-6.820978,-1.008176,5.812802,-2.322057608,1.342365573,1.24668173
146511-06-0,,,,10.1039/D1NR05939D,C1CN(CCN1CCO)S(=O)(=O)O,18.43,1.789999999999999,20.22,2022,AFM,,18.43,20.22,1.875734908923545,-0.0857349089235464,6,14,2,0,4,210.255,-1.6009,81.08,4,2,3,0,1,1,7,0.548245944,685.8063461,-6.083303,-2.679125,3.404178,-2.046514971,3.05992193,131.3602545
619-56-7,,4-chlorobenzamide,,10.1016/j.cej.2020.127204,C1=CC(=CC=C1C(=O)N)Cl,19.16,1.789999999999999,20.95,2021-03,AFM,,19.16,20.95,1.8151091620477773,-0.0251091620477783,7,6,1,0,1,155.584,1.4389,43.09,1,1,1,1,0,0,3,0.655406382,180.9125147,-7.161908,-1.712749,5.449159,-2.22627348,2.74699083,168.6443021
,,4-(Trifluoromethyl)-1H-imidazole,THI,10.3390/molecules28134976,C1=C(NC=N1)C(F)(F)F,16.49,2.480000000000004,18.97,2023-06-24,1,,16.49,18.97,2.0368499074701067,0.4431500925298972,4,3,2,3,0,136.076,1.4285,28.68,1,1,0,1,0,0,5,0.573720023,118.3937058,-7.696492,-1.210048,6.486444,-2.113400592,3.237340258,3.034253416
2637-34-5,,,,10.1021/acssuschemeng.2c05816,C1=CC(=S)NC=C1,19.07,2.699999999999999,21.77,2022-12-12,AFM,,19.07,21.77,1.8225835691968448,0.8774164308031542,5,5,1,0,0,111.169,1.74419,15.79,1,1,0,1,0,0,2,0.504101607,47.19725257,-5.545606,-1.880828,3.664778,-1.775897598,2.680350111,116.9388794
55276-43-2,,,,10.1016/j.nanoen.2021.106856,CS(=O)(=O)N1CCNCC1,21.2,2.199999999999999,23.4,2022-03,AFM,,21.2,23.4,1.6456892666689191,0.5543107333310797,5,12,2,0,2,164.23,-1.1488,49.41,3,1,1,0,1,1,5,0.532249031,165.6373293,-6.132851,-1.553392,4.579459,-2.1957695,1.809993482,84.17355489
373-88-6,,,,10.1002/aenm.202101454,C(C(F)(F)F)N.Cl,22.28,0.6999999999999993,22.98,2021-06-23,AFM,,22.28,22.98,1.5559963808801116,-0.8559963808801123,2,5,1,3,0,135.516,0.9292,26.02,1,1,0,0,0,0,5,0.525505235,12.16479704,-6.713921869565218,-1.3278110405797103,5.386110828985507,-1.9814247502666669,2.294335478292753,60.48824138281341
,137700831.0,3-(5-Mercapto-1h-tetrazol-1-yl)benzenaminium iodide,,10.1038/s41467-018-06709-w ,C1=CC(=CC(=C1)N2C(=S)[NH+]=NN2)N.[I-],19.2,1.7,20.9,2018-10-26,AFM,,19.2,20.9,1.8117872033148583,-0.1117872033148585,7,8,5,0,0,321.147,-2.66981,73.77,4,2,1,2,0,0,7,0.341840603,1487.176142,-6.713921869565218,-1.3278110405797103,5.386110828985507,-1.9814247502666669,2.294335478292753,60.48824138281341
33941-15-0,,,,10.1016/j.cej.2022.138962,C1COCCOCCOCCOCCOCCN1,21.9,2.170000000000002,24.07,2023-01,AFM,,21.9,24.07,1.5875549888428404,0.5824450111571617,12,25,1,0,5,263.334,-0.3274,58.18,6,1,0,0,1,1,6,0.64584451,13809.68247,-6.713921869565218,-1.3278110405797103,5.386110828985507,-1.9814247502666669,2.294335478292753,60.48824138281341
657-24-9,,"3-(diaminomethylidene)-1,1-dimethylguanidine",,10.1002/adma.202204098,CN(C)C(=N)N=C(N)N,20.72,1.109999999999999,21.83,2022-07-13,AFM,,20.72,21.83,1.6855527714639449,-0.5755527714639457,4,11,5,0,0,129.167,-1.24383,91.49,1,3,0,0,0,0,5,0.281873777,60.47184355,-5.44512,0.637003,6.082123,-1.863191769,2.353949368,1.892677658
,,"2,2‐azodi(2‐methylbutyronitrile)",AMBN,10.1002/adma.202210186,CCC(C)(C#N)N=NC(C)(CC)C#N,23.02,1.259999999999998,24.28,2023-04-26,1,,23.02,24.28,1.4945401443211142,-0.2345401443211161,10,16,4,0,0,192.266,2.82316,72.3,4,0,4,0,0,0,4,0.642215396,900.4994,-6.951343,-2.256128,4.695215,-2.094026076,1.289112864,7.685854171
15827-60-8,,,,10.1021/acsaem.1c00192,C(CN(CP(=O)(O)O)CP(=O)(O)O)N(CCN(CP(=O)(O)O)CP(=O)(O)O)CP(=O)(O)O,17.74,2.280000000000001,20.02,2021-04-07,AFM,,17.74,20.02,1.9330386970663944,0.3469613029336067,9,28,3,0,15,573.199,-2.4316,297.37,8,10,16,0,0,0,23,0.085826193,858222.9386,-6.238173,-1.020725,5.217448,-2.582987722,3.486977642,32.506399
5396-38-3,,1-tert-butyl-4-methoxybenzene,,10.1016/j.scib.2020.05.031,CC(C)(C)C1=CC=C(C=C1)OC,16.8,0.6899999999999977,17.49,2020-10,AFM,,16.8,17.49,2.011104727289986,-1.3211047272899883,11,16,0,0,1,164.248,2.9927,9.23,1,0,1,1,0,0,1,0.61966679,430.628114,-5.810093,-0.155183,5.65491,-1.775326159,1.170688851,3.541876294
27503-81-7,,,,10.1002/smtd.202101257,C1=CC=C(C=C1)C2=NC3=C(N2)C=C(C=C3)S(=O)(=O)O,20.38,2.890000000000001,23.27,2021-12-24,AFM,,20.38,23.27,1.7137894206937545,1.1762105793062467,13,10,2,0,3,274.301,2.4766,83.05,3,2,2,3,0,0,6,0.703126836,31065.47736,-6.789062,-2.517031,4.272031,-1.937805428,3.277830821,214.835244
2421-28-5,,,,10.1021/acsenergylett.1c01465,C1=CC2=C(C=C1C(=O)C3=CC4=C(C=C3)C(=O)OC4=O)C(=O)OC2=O,19.58,2.300000000000001,21.88,2021-09-03,AFM,,19.58,21.88,1.7802285953521302,0.519771404647871,17,6,0,0,7,322.228,1.5388,103.81,7,0,2,2,2,0,7,0.46900579,427792.6614,-8.46752,-4.228099,4.239421,-1.543403397,2.181592361,7.615192131
150-13-0,,,,10.1002/admi.201901584,C1=CC(=CC=C1C(=O)O)N,19.01,1.459999999999997,20.47,2019-11-20,AFM,,19.01,20.47,1.8275665072962224,-0.3675665072962255,7,7,1,0,2,137.138,0.967,63.32,2,2,1,1,0,0,3,0.566589187,180.9125147,-5.947401,-1.267882,4.679519,-2.184340712,2.491965589,6.212250705
 61-54-1,,,,10.1021/acsaem.2c01144,C1=CC=C2C(=C1)C(=CN2)CCN,17.27,3.129999999999999,20.4,2022-08-10,AFM,,17.27,20.4,1.97207171217819,1.157928287821809,10,12,2,0,0,160.22,1.6691,41.81,1,2,2,2,0,0,2,0.689023651,1058.26876,-5.222218,-0.182832,5.039386,-1.292323809,2.296342835,3.09939975
372-16-7,,,,10.1007/s12274-021-3673-8,C1=CC(=CC=C1N)SC(F)(F)F,18.0,2.239999999999998,20.24,2021-08-03,AFM,,18.0,20.24,1.9114459653024225,0.3285540346975757,7,6,1,3,0,193.193,2.8807,26.02,2,1,1,1,0,0,5,0.547831887,359.1538139,-6.107007,-0.854727,5.25228,-0.993052832,2.542388313,94.98792259
156545-07-2,,,,10.1016/j.cej.2021.133744,B(C1=CC(=CC(=C1)F)F)(O)O,19.73,2.280000000000001,22.01,2022-04,AFM,,19.73,22.01,1.7677712501036846,0.5122287498963165,6,5,0,2,2,157.912,-0.3554,40.46,2,2,1,1,0,0,5,0.547713562,243.6781765,-7.453825,-1.748012,5.705813,-1.291425833,3.242483213,2.537890712
 74-11-3,,,,10.1016/j.orgel.2020.105922,C1=CC(=CC=C1C(=O)O)Cl,18.23,1.989999999999998,20.22,2020-11,AFM,,18.23,20.22,1.8923447025881392,0.0976552974118587,7,5,0,0,2,156.568,2.0382,37.3,1,1,1,1,0,0,3,0.675780364,180.9125147,-7.440985,-2.164222,5.276763,-1.747080726,2.961498296,166.7433509
