cas_number,pubchem_cid,name_full,name_short,doi,smiles,initial_pce,delta_pce,final_pce,date,batch,note
,,"1‐[Bis(trifluoromethanesulfonyl)methyl]‐ 2,3,4,5,6‐pentafluorobenzene",TFSP,10.1002/advs.202412557,C1(=C(C(=C(C(=C1F)F)F)F)F)C(S(=O)(=O)C(F)(F)F)S(=O)(=O)C(F)(F)F,23.32,2.140000000000001,25.46,2024-12-12,1,
,,"2,2‐azodi(2‐methylbutyronitrile)",AMBN,10.1002/adma.202210186,CCC(C)(C#N)N=NC(C)(CC)C#N,23.02,1.259999999999998,24.28,2023-04-26,1,
,,3-amidinopyridine,NO_abbreviation,10.1038/s41467-023-36229-1,C1=CC(=CN=C1)C(=N)N,22.76,2.540000000000003,25.3,2023-02-15,2,
,,4-(2-Carboxyvinyl) Benzoic Acid,NO_abbreviation,10.1002/solr.202400245,C1=CC(=CC=C1C=CC(=O)O)C(=O)O,18.26,2.02,20.28,2024-06-09,1,
,,4-(Trifluoromethyl)-1H-imidazole,THI,10.3390/molecules28134976,C1=C(NC=N1)C(F)(F)F,16.49,2.480000000000004,18.97,2023-06-24,1,
,,4-Aniline Sulfonic Acid,4A,10.1002/aenm.202203471,O=S(=O)(O)c1ccc(N)cc1,21.49,2.599999999999998,24.09,2023-01-15,2,
,,4-Bromobenzamide,Br=BAD,10.1002/adfm.202214834,C1=CC(=CC=C1C(=O)N)Br,22.03,1.239999999999998,23.27,2023-03-21,2,
,,4-Chlorobenzamide,Cl-BAD,10.1002/adfm.202214834,C1=CC(=CC=C1C(=O)N)Cl,22.03,0.6900000000000013,22.72,2023-03-21,2,
,,4-Iodobenzamide,I-BAD,10.1002/adfm.202214834,C1=CC(=CC=C1C(=O)N)I,22.03,1.68,23.71,2023-03-21,2,
,,4-cyano-4′-pentyl biphenyl,5CB,10.15541/jim20220777,CCCCCC1=CC=C(C=C1)C2=CC=C(C=C2)C#N,20.08,1.189999999999998,21.27,2023,2,
,,4-fluorobenzamide,FBAD,10.1002/adfm.202214834,C1=CC(=CC=C1C(=O)N)F,22.03,2.049999999999997,24.08,2023-03-21,2,
,,4-fluorobenzylamine,FBA,10.1016/j.cej.2024.156684,C1=CC(=CC=C1CN)F,22.06,1.560000000000002,23.62,2024-11,1,
,,5‐Amino‐2‐Fluorobenzoic Acid,5‐AFA,10.1002/solr.202300766,C1=CC(=C(C=C1N)C(=O)O)F,19.17,1.199999999999996,20.37,2023-11-10,1,
,,6BAS,6BAS,10.1002/aenm.202400078,C1C=C(SC2C(SC3C=CC(C(O)=O)=CC=3)=C(SC3C=CC(C(O)=O)=CC=3)C(SC3C=CC(C(O)=O)=CC=3)=C(SC3C=CC(C(O)=O)=CC=3)C=2SC2C=CC(C(O)=O)=CC=2)C=CC=1C(O)=O,22.91,2.409999999999997,25.32,2024-04-29,1,
,,"9H-carbazole-3,6-diyl tetraethyl bisphosphate","3,6-CzBP",10.1007/s40820-024-01613-z,CCOP(OCC)(C1C=C2C3C=C(P(OCC)(OCC)=O)C=CC=3NC2=CC=1)=O,23.47,1.620000000000001,25.09,2025-01-10,1,
,,Anethole,NO_abbreviation,10.1002/adfm.202405374,CC=CC1=CC=C(C=C1)OC,17.4,3.010000000000002,20.41,2024-07-17,1,
,,Dapsone,NO_abbreviation,10.1021/acsaem.3c01209,C1=CC(=CC=C1N)S(=O)(=O)C2=CC=C(C=C2)N,22.1,1.699999999999996,23.8,2023-09-11,1,
,,Methylammonium Acetate,MAAc,10.1002/adma.202401476,CC1=C(C=CC(=C1)C2=NN(C=C2C=C3C(=O)N4C(C(=C(N=C4S3)C)C(=O)OC(C)C)C5=CC=C(C=C5)SC)C6=CC=CC=C6)OCC=C,22.36,1.150000000000002,23.51,2024-04-22,1,
,,Nicotinamide,NTM,10.1021/acsami.0c12030,C1=CC(=CN=C1)C(=O)N,19.13,2.59,21.72,2020-11-10,2,
,,Organic Phosphonate,NO_abbreviation,10.1021/acs.nanolett.3c01769,O(CC)P(CCC1(C2C=C(Br)C=CC=2C2C=CC(Br)=CC1=2)CCP(OCC)(=O)OCC)(OCC)=O,22.1,2.199999999999999,24.3,2023-09-25,1,
,,Taurine,NO_abbreviation,10.1039/D3RA02944A,C(CS(=O)(=O)O)N,11.26,1.93,13.19,2023,2,
,,Ytterbium Fluoride,YbF3,10.1002/smll.202303017,F[Yb](F)F,22.45,2.079999999999998,24.53,2023-07-21,2,
,,benzamide,BAM,10.1002/aenm.202203635,C1=CC=C(C=C1)C(=O)N,22.43,2.349999999999998,24.78,2023-02-12,2,
,,benzoic acid,BAC,10.1002/aenm.202203635,C1=CC=C(C=C1)C(=O)O,22.43,1.0,23.43,2023-02-12,2,
,,coumarin hydroxyethyl,CHE,10.1039/d3ee00247k,CC1C2C=CC(OCCO)=CC=2OC(=O)C=1,19.15,1.990000000000002,21.14,2023-05-11,1,
,,coumarin methacrylate,CMA,10.1039/d3ee00247k,C=C(C(OCCOC1C=CC2C(C)=CC(OC=2C=1)=O)=O)C,19.15,2.129999999999999,21.28,2023,2,
,,difluoroacetic anhydride,DFA,10.1002/anie.202404401,C(C(=O)OC(=O)C(F)F)(F)F,22.64,2.640000000000001,25.28,2024-06-19,1,
,,phenylacetamide,PAM,10.1002/aenm.202203635,C1=CC=C(C=C1)CC(=O)N,22.43,0.4600000000000009,22.89,2023-02-12,2,
,,"potassium 1,1,2,2,3,3-hexafluoropropane-1,3-disulfonimide",KHFDF,10.1002/adfm.202215096,C1(C(S(=O)(=O)[N-]S(=O)(=O)C1(F)F)(F)F)(F)F.[K+],22.14,2.009999999999998,24.15,2023-03-13,2,
,,prolinamide,ProA,10.1002/smll.202301630,C1CC(NC1)C(=O)N,22.67,1.940000000000001,24.61,2023-04-28,1,
,,proline ,Pro,10.1002/smll.202301630,C1CC(NC1)C(=O)O,22.67,1.02,23.69,2023-04-28,1,
,,succinimide,SID,10.1002/smsc.202300218,C1CC(=O)NC1=O,22.59,1.879999999999999,24.47,2023-11-27,1,
,10006.0,Hydantoin,NO_abbreviation,10.1002/adma.202313673,C1C(=O)NC(=O)N1,23.79,1.870000000000001,25.66,2024-03-26,1,
,127262668.0,"9H-carbazole-2,7-diyl tetraethyl bisphosphate","2,7-CzBP",10.1007/s40820-024-01613-z,CCOP(OCC)(C1C=CC2C3C(NC=2C=1)=CC(P(OCC)(OCC)=O)=CC=3)=O,23.47,2.41,25.88,2025-01-10,1,
,129852038  ,coumarin methacrylate,CMA,10.1039/d3ee00247k,CC(=C)C(=O)OC1=CC2=CC=CC=C2OC1=O,19.15,2.1300000000000026,21.28,2023-05-11,1,
,137700831.0,3-(5-Mercapto-1h-tetrazol-1-yl)benzenaminium iodide,,10.1038/s41467-018-06709-w ,C1=CC(=CC(=C1)N2C(=S)[NH+]=NN2)N.[I-],19.2,1.7,20.9,2018-10-26,AFM,
,15312559.0,"3,4-bis(4-bromophenyl)cyclobut-3-ene-1,2-dione",,10.1021/acsenergylett.2c01537,C1=CC(=CC=C1C2=C(C(=O)C2=O)C3=CC=C(C=C3)Br)Br,21.44,2.379999999999999,23.82,2022-08-29,AFM,
,16095591.0,2-(5-thiophen-2-ylthiophen-2-yl)ethanamine,,10.1039/d2ta01349e,C1=CSC(=C1)C2=CC=C(S2)CCN,21.74,1.850000000000001,23.59,2022,AFM,
,602309.0,"1-[[3,3-dimethylbutan-2-yloxy(methyl)phosphoryl]oxymethyl]-2,3,4,5,6-pentafluorobenzene",,10.1002/cssc.202002707,CC(C(C)(C)C)OP(=O)(C)OCC1=C(C(=C(C(=C1F)F)F)F)F,20.19,2.059999999999999,22.25,2021-01-19,AFM,
  2530-10-1,,,,10.1021/acsaem.2c01881,CC1=CC(=C(S1)C)C(=O)C,17.47,1.560000000000002,19.03,2022-11-25,AFM,
  64-10-8,,,,10.1002/smll.202300374,C1=CC=C(C=C1)NC(=O)N,17.94,2.399999999999999,20.34,2023-03-15,AFM,
 4181-05-9,,,,10.1002/anie.202302462,C1=CC=C(C=C1)N(C2=CC=CC=C2)C3=CC=C(C=C3)C=O,20.77,2.43,23.2,2023-04-20,AFM,
 4430-05-1,,,,10.1016/j.nanoen.2022.107200,C1C(=O)NC(=O)CO1,20.88,2.170000000000002,23.05,2022-06,AFM,
 58-08-2,,,,10.1016/j.joule.2019.04.005,CN1C=NC2=C1C(=O)N(C(=O)N2C)C,17.59,2.66,20.25,2019-06,AFM,
 58-08-2,,,,10.1126/science.aay9698,CN1C=NC2=C1C(=O)N(C(=O)N2C)C,21.02,1.300000000000001,22.32,2019-12-20,AFM,
 61-54-1,,,,10.1021/acsaem.2c01144,C1=CC=C2C(=C1)C(=CN2)CCN,17.27,3.129999999999999,20.4,2022-08-10,AFM,
 76-05-1,,,,10.1016/j.cej.2022.136936,C(=O)(C(F)(F)F)O,20.3,2.52,22.82,2022-10,AFM,
 98-08-8,,,,10.1016/j.jechem.2022.09.037,C1=CC=C(C=C1)C(F)(F)F,21.28,1.469999999999999,22.75,2023-01,AFM,
 99-06-9,,,,10.1016/j.cej.2021.131676,C1=CC(=CC(=C1)O)C(=O)O,17.07,1.19,18.26,2022-01,AFM,
100-21-0,,,,10.1016/j.apsusc.2022.152670,C1=CC(=CC=C1C(=O)O)C(=O)O,18.32,1.98,20.3,2022-05,AFM,
100-21-0,,,,10.1021/acsami.7b08488,C1=CC(=CC=C1C(=O)O)C(=O)O,16.53,1.98,18.51,2017-09-29,AFM,
100-46-9,,,,10.1002/solr.202100805,C1=CC=C(C=C1)CN,20.71,0.2899999999999991,21.0,2021-11-16,AFM,
100-46-9,,,,10.1016/j.cej.2020.127204,C1=CC=C(C=C1)CN,19.16,0.6499999999999986,19.81,2021-03,AFM,
100-81-2,,,,10.1021/acsami.2c02250,CC1=CC(=CC=C1)CN,20.7,0.7200000000000024,21.42,2022-03-30,AFM,
100-97-0,,,,10.1016/j.jpowsour.2017.12.011,C1N2CN3CN1CN(C2)C3,12.7,2.220000000000001,14.92,2018-02,AFM,
102-07-8,,,,10.1021/acsaem.2c02313,C1=CC=C(C=C1)NC(=O)NC2=CC=CC=C2,20.3,1.399999999999999,21.7,2022-10-25,AFM,
103-81-1,,,,10.1002/aenm.202203635,C1=CC=C(C=C1)CC(=O)N,22.43,0.5500000000000007,22.98,2023-02-12,AFM,
103-83-3,,,,10.1002/solr.202101107,CN(C)CC1=CC=CC=C1,19.7,0.5,20.2,2022-02-22,AFM,
10312-55-7,,,,10.1002/anie.201915422,C1=CC(=C(C=C1C(=O)O)N)C(=O)O,19.13,1.960000000000001,21.09,2020-02-11,AFM,
103577-45-3,,,,10.1016/j.cej.2022.137416,CC1=C(C=CN=C1CS(=O)C2=NC3=CC=CC=C3N2)OCC(F)(F)F,21.5,2.550000000000001,24.05,2022-10,AFM,
104-01-8,,,,10.1016/j.jpowsour.2021.230734,COC1=CC=C(C=C1)CC(=O)O,20.97,1.350000000000001,22.32,2022-01,AFM,
104-15-4,,,,10.1002/solr.202000113,CC1=CC=C(C=C1)S(=O)(=O)O,18.57,0.9699999999999988,19.54,2020-04-06,AFM,
10406-25-4,,,,10.1016/j.cej.2021.134223,C1=CC(=CC=C1CN)C#N,19.3,1.800000000000001,21.1,2022-03,AFM,
10406-25-4,,,,10.1021/acsami.2c09058,C1=CC(=CC=C1CN)C#N,20.15,2.060000000000002,22.21,2022-07-18,AFM,
104934-52-3,,,,10.1002/aenm.201703143,CCCCCCCCCCCCC1=CSC=C1,17.31,1.600000000000001,18.91,2018-01-22,AFM,
106-45-6,,,,10.1002/aenm.201803573,CC1=CC=C(C=C1)S,18.35,0.389999999999997,18.74,2019-02-14,AFM,
106-71-8,,,,10.1016/j.mtener.2023.101269,C=CC(=O)OCCC#N,18.38,1.850000000000001,20.23,2023-04,AFM,
107-95-9,,,,10.1021/acsaem.1c03296,C(CN)C(=O)O,18.5,1.899999999999999,20.4,2021-12-07,AFM,
107-95-9,,,,10.1021/jacs.0c09560,C(CN)C(=O)O,20.46,0.8000000000000007,21.26,2020-11-16,AFM,
107-99-3,,,,10.1002/solr.202101107,CN(C)CCCl,19.7,0.6000000000000014,20.3,2022-02-22,AFM,
1078-61-1,,,,10.1007/s12274-021-3600-z,C1=CC(=C(C=C1CCC(=O)O)O)O,19.21,1.300000000000001,20.51,2021-07-09,AFM,
108-01-0,,,,10.1002/solr.202101107,CN(C)CCO,19.7,0.99,20.69,2022-02-22,AFM,
108-13-4,,,,10.1016/j.cej.2022.138559,C(C(=O)N)C(=O)N,20.88,3.25,24.13,2023-01,AFM,
108-19-0,,,,10.1039/d0ta01255f,C(=O)(N)NC(=O)N,18.26,2.899999999999999,21.16,2020,AFM,
108-32-7,,,,10.1038/s41467-019-08455-z,CC1COC(=O)O1,17.88,1.75,19.63,2019-01-31,AFM,
108-77-0,,,,10.1021/acsami.1c21081,C1(=NC(=NC(=N1)Cl)Cl)Cl,19.27,1.350000000000001,20.62,2022-01-31,AFM,
1082-85-5,,,,10.1002/smtd.202200260,CC(=O)C1=CC=C(C=C1)N2C(=O)C=CC2=O,20.09,2.940000000000001,23.03,2022-04-24,AFM,
109-11-5,,,,10.1016/j.nanoen.2022.107200,C1COCC(=O)N1,20.88,1.960000000000001,22.84,2022-06,AFM,
109-69-3,,,,10.1002/solr.202100979,CCCCCl,20.56,0.7900000000000027,21.35,2022-01-06,AFM,
109-97-7,,,,10.1039/c9ta02916h,C1=CNC=C1,19.23,0.7899999999999991,20.02,2019,AFM,
110-02-1,,,,10.1002/aenm.201703143,C1=CSC=C1,17.31,1.150000000000002,18.46,2018-01-22,AFM,
110-02-1,,,,10.1021/nn5036476,C1=CSC=C1,13.1,2.200000000000001,15.3,2014-09-15,AFM,
110-15-6,,,,10.1016/j.cej.2023.141705,C(CC(=O)O)C(=O)O,21.2,0.6099999999999994,21.81,2023-03,AFM,
110-17-8,,,,10.1002/solr.202000732,C(=C/C(=O)O)\C(=O)O,19.18,1.300000000000001,20.48,2021-03-09,AFM,
110-61-2,,,,10.1016/j.jechem.2021.03.024,C(CC#N)C#N,18.4,1.900000000000002,20.3,2021-11,AFM,
110-86-1,,,,10.1002/aenm.201803573,C1=CC=NC=C1,18.35,0.6699999999999982,19.02,2019-02-14,AFM,
110-86-1,,,,10.1016/j.jechem.2020.04.049,C1=CC=NC=C1,18.83,1.540000000000003,20.37,2021-01,AFM,
110-86-1,,,,10.1021/nn5036476,C1=CC=NC=C1,13.1,3.4,16.5,2014-09-15,AFM,
110-86-1,,,,10.1039/c8ta11977e,C1=CC=NC=C1,17.58,1.41999999999999,18.99999999999999,2019,AFM,
110-91-8,,,,10.1016/j.nanoen.2022.107200,C1COCCN1,20.88,0.6999999999999993,21.58,2022-06,AFM,
110-94-1,,,,10.1021/acs.jpclett.0c03566,C(CC(=O)O)CC(=O)O,19.64,2.18,21.82,2021-01-20,AFM,
1107-00-2,,,,10.1021/acsenergylett.1c01465,C1=CC2=C(C=C1C(C3=CC4=C(C=C3)C(=O)OC4=O)(C(F)(F)F)C(F)(F)F)C(=O)OC2=O,19.58,2.850000000000001,22.43,2021-09-03,AFM,
1109-15-5,,,,10.1002/solr.201900072,B(C1=C(C(=C(C(=C1F)F)F)F)F)(C2=C(C(=C(C(=C2F)F)F)F)F)C3=C(C(=C(C(=C3F)F)F)F)F,19.55,2.050000000000001,21.6,2019-05-12,AFM,
1109-15-5,,,,10.1021/acsami.0c16939,B(C1=C(C(=C(C(=C1F)F)F)F)F)(C2=C(C(=C(C(=C2F)F)F)F)F)C3=C(C(=C(C(=C3F)F)F)F)F,19.07,2.350000000000001,21.42,2021-01-11,AFM,
112-55-0,,,,10.1039/d1tc01720a,CCCCCCCCCCCCS,19.07,1.82,20.89,2021,AFM,
1148-79-4,,,,10.1039/c8ta11977e,C1=CC=NC(=C1)C2=NC(=CC=C2)C3=CC=CC=N3,17.58,1.100000000000001,18.68,2019,AFM,
1191-62-4,,,,10.1021/acsami.8b02257,C(CCCCS)CCCS,18.89,0.4699999999999989,19.36,2018-04-11,AFM,
121-57-3,,,,10.1016/j.cej.2021.129579,C1=CC(=CC=C1N)S(=O)(=O)O,18.02,2.300000000000001,20.32,2021-09,AFM,
121-57-3 ,,,,10.1002/aenm.202203471,C1=CC(=CC=C1N)S(=O)(=O)O,21.49,2.600000000000001,24.09,2023-01-15,AFM,
121-69-7,,,,10.1021/acssuschemeng.0c02983,CN(C)C1=CC=CC=C1,18.48,1.649999999999999,20.13,2020-07-13,AFM,
123-08-0,,,,10.1016/j.apsusc.2021.151259,C1=CC(=CC=C1C=O)O,18.42,2.469999999999999,20.89,2021-12,AFM,
123622-48-0,,,,10.1016/j.orgel.2020.105982,C1=CC=C2C(=C1)C(C3=CC=CC=C32)COC(=O)NCCCCC(=O)O,19.055,2.16,21.215,2020-12,AFM,
1259-35-4,,,,10.1002/adfm.201910710,C1(=C(C(=C(C(=C1F)F)P(C2=C(C(=C(C(=C2F)F)F)F)F)C3=C(C(=C(C(=C3F)F)F)F)F)F)F)F,18.05,2.989999999999998,21.04,2020-02-20,AFM,
130156-10-4,,,,10.1016/j.apsusc.2022.153051,C1=CC(=CC=C1C2=NC(=NC(=N2)C3=CC=C(C=C3)F)C4=CC=C(C=C4)F)F,18.32,1.489999999999998,19.81,2022-07,AFM,
130290-79-8,,,,10.1002/solr.202100979,C1COCCC1CN,20.56,1.66,22.22,2022-01-06,AFM,
131-57-7,,,,10.1002/anie.202100218,COC1=CC(=C(C=C1)C(=O)C2=CC=CC=C2)O,19.82,3.27,23.09,2021-02-26,AFM,
131-57-7,,,,10.1016/j.orgel.2023.106762,COC1=CC(=C(C=C1)C(=O)C2=CC=CC=C2)O,22.58,1.020000000000003,23.6,2023-04,AFM,
131472-28-1,,,,10.1016/j.jechem.2022.09.037,C1=CC(=CC=C1C(=N)N)C(F)(F)F,21.28,2.119999999999997,23.4,2023-01,AFM,
13214-66-9,,,,10.1002/solr.202100805,C1=CC=C(C=C1)CCCCN,20.71,0.3900000000000006,21.1,2021-11-16,AFM,
13676-54-5,,,,10.1002/adfm.202201193,C1=CC(=CC=C1CC2=CC=C(C=C2)N3C(=O)C=CC3=O)N4C(=O)C=CC4=O,21.1,1.599999999999998,22.7,2022-04-14,AFM,
13822-56-5,,,,10.1016/j.solener.2021.06.001,CO[Si](CCCN)(OC)OC,18.85,1.869999999999997,20.72,2021-08,AFM,
13826-27-2,,,,10.1002/solr.201900217,B1(OC2=CC=CC=C2O1)B3OC4=CC=CC=C4O3,20.62,1.119999999999997,21.74,2019-08-15,AFM,
139-13-9,,,,10.1039/d2cc00594h,C(C(=O)O)N(CC(=O)O)CC(=O)O,19.06,2.06,21.12,2022,AFM,
140-29-4,,,,10.1021/acsami.0c00762,C1=CC=C(C=C1)CC#N,18.01,3.079999999999998,21.09,2020-04-07,AFM,
140-89-6,,,,10.1002/cssc.201801888,CCOC(=S)[S-].[K+],16.56,1.850000000000001,18.41,2018-11-02,AFM,
140480-89-3,,,,10.1002/solr.202300028,C1=C(C=C(C=C1F)S(=O)(=O)N)F,21.36,2.330000000000002,23.69,2023-02-24,AFM,
141-32-2,,,,10.1002/solr.202000621,CCCCOC(=O)C=C,16.8,3.199999999999999,20.0,2020-11-16,AFM,
141-82-2,,,,10.1002/solr.202200512,C(C(=O)O)C(=O)O,21.59,1.02,22.61,2022-07-27,AFM,
141-82-2,,,,10.1016/j.cej.2023.141705,C(C(=O)O)C(=O)O,21.2,1.210000000000001,22.41,2023-03,AFM,
14294-11-2,,,,10.1039/c7ta00894e,C1=CC=NC(=C1)NC(=S)N,15.5,2.699999999999999,18.2,2017,AFM,
144-62-7,,,,10.1016/j.cej.2023.141705,C(=O)(C(=O)O)O,21.2,1.710000000000001,22.91,2023-03,AFM,
145100-50-1,,,,10.1016/j.cej.2022.139345,C1=CC=NC(=C1)N(S(=O)(=O)C(F)(F)F)S(=O)(=O)C(F)(F)F,20.74,2.16,22.9,2023-01,AFM,
146511-06-0,,,,10.1039/D1NR05939D,C1CN(CCN1CCO)S(=O)(=O)O,18.43,1.789999999999999,20.22,2022,AFM,
1498-88-0,,,,10.1002/adma.202205338,CC1(C2=CC=CC=C2N(C13C=CC4=C(O3)C=CC(=C4)[N+](=O)[O-])C)C,21.96,1.27,23.23,2022-11-07,AFM,
150-13-0,,,,10.1002/admi.201901584,C1=CC(=CC=C1C(=O)O)N,19.01,1.459999999999997,20.47,2019-11-20,AFM,
153-94-6,,,,10.1021/acsami.1c13784,C1=CC=C2C(=C1)C(=CN2)C[C@H](C(=O)O)N,18.49,3.060000000000002,21.55,2021-12-06,AFM,
15302-96-2,,,,10.1016/j.apsusc.2022.155042,CC[N+]1=CC=CC=C1,18.85,0.5899999999999999,19.44,2023-01,AFM,
15471-17-7,,,,10.1039/C8EE02242A ,C1=CC=[N+](C=C1)CCCS(=O)(=O)[O-],19.63,1.280000000000001,20.91,2018,AFM,
15509-95-2,,,,10.1016/j.cej.2023.142449,C1=CSC(=C1)C2=CC(=CC(=C2)C3=CC=CS3)C4=CC=CS4,19.56,2.900000000000002,22.46,2023-05,AFM,
15625-89-5,,,,10.1002/adma.202008487,CCC(COC(=O)C=C)(COC(=O)C=C)COC(=O)C=C,20.3,2.099999999999998,22.4,2021-06-04,AFM,
156545-07-2,,,,10.1016/j.cej.2021.133744,B(C1=CC(=CC(=C1)F)F)(O)O,19.73,2.280000000000001,22.01,2022-04,AFM,
1571-33-1,,,,10.1016/j.solmat.2023.112278,C1=CC=C(C=C1)P(=O)(O)O,18.95,3.07,22.02,2023-06,AFM,
15733-89-8,,,,10.1016/j.cej.2021.131676,C1=CC=C2C(=C1)C(=CC(=O)N2)C(=O)O,17.07,3.329999999999998,20.4,2022-01,AFM,
15827-60-8,,,,10.1021/acsaem.1c00192,C(CN(CP(=O)(O)O)CP(=O)(O)O)N(CCN(CP(=O)(O)O)CP(=O)(O)O)CP(=O)(O)O,17.74,2.280000000000001,20.02,2021-04-07,AFM,
1632-83-3,,,,10.1002/cssc.202101097,CN1C=NC2=CC=CC=C21,19.48,1.739999999999998,21.22,2021-07-05,AFM,
16378-06-6,,,,10.1039/d0ta10270a,C1=CSC=C1CCC(=O)O,17.54,1.130000000000003,18.67,2021,AFM,
165190-76-1,,,,10.1002/solr.202200786,C1=CSC(=C1)C2=CC=C(C3=NSN=C23)C4=CC=CS4,17.18,3.390000000000001,20.57,2022-10-02,AFM,
1660-95-3,,,,10.1002/adfm.201910710,CC(C)OP(=O)(CP(=O)(OC(C)C)OC(C)C)OC(C)C,18.05,1.079999999999998,19.13,2020-02-20,AFM,
1662-01-7,,,,10.1002/solr.202100285,C1=CC=C(C=C1)C2=C3C=CC4=C(C=CN=C4C3=NC=C2)C5=CC=CC=C5,18.41,1.390000000000001,19.8,2021-07,AFM,
17422-32-1,,,,10.1002/solr.202100995,C1=CC2=C(C=CN2)C=C1Cl,20.58,1.890000000000001,22.47,2022-01-07,AFM,
17455-13-9,,,,10.1002/solr.202200303,C1COCCOCCOCCOCCOCCO1,16.38,3.310000000000002,19.69,2022-07-05,AFM,
17630-76-1,,,,10.1002/solr.201900529,C1=CC2=C(C=C1Cl)C(=O)C(=O)N2,18.13,2.050000000000001,20.18,2020-01-29,AFM,
1783-96-6,,,,10.1002/solr.202200998,C([C@H](C(=O)O)N)C(=O)O,20.6,2.099999999999998,22.7,2022-12-18,AFM,
1795-01-3,,,,10.1002/aenm.201703143,CCC1=CSC=C1,17.31,1.600000000000001,18.91,2018-01-22,AFM,
1835-65-0,,,,10.1021/acsami.1c07610,C(#N)C1=C(C(=C(C(=C1F)F)F)F)C#N,19.4,3.420000000000002,22.82,2021-08-19,AFM,
1918-77-0,,,,10.1039/d2cc03890k,C1=CSC(=C1)CC(=O)O,18.1,2.5,20.6,2022,AFM,
20112-79-2,,,,10.1021/acsami.1c23991,CSC1=NCCN1,19.87,1.379999999999999,21.25,2022-02-11,AFM,
2039-67-0,,,,10.1002/aenm.202201463,COC1=CC=CC(=C1)CCN,21.36,0.7800000000000011,22.14,2022-09-13,AFM,
2041-14-7,,,,10.1021/jacs.0c09560,C(CP(=O)(O)O)N,20.46,1.890000000000001,22.35,2020-11-16,AFM,
20999-38-6,,,,10.1002/aenm.202200758,C1=CC=C2C(=C1)C3=CC=CC=C3N2CCP(=O)(O)O,20.5,1.199999999999999,21.7,2022-05-30,AFM,
2129-89-7,,,,10.1002/solr.202100942,CP(=O)(C1=CC=CC=C1)C2=CC=CC=C2,18.94,1.16,20.1,2021-12-16,AFM,
21668-81-5,,,,10.1016/j.jallcom.2021.161352,C(CSC(=N)N)CS(=O)(=O)O,20.49,2.030000000000001,22.52,2021-12,AFM,
2207-75-2,,,,10.1016/j.cej.2022.135671,C1(=NC(=O)NC(=O)N1)C(=O)[O-].[K+],20.06,2.030000000000001,22.09,2022-07,AFM,
22282-72-0,,,,10.1016/j.cej.2021.131676,C1=CNC(=O)C=C1C(=O)O,17.07,2.190000000000001,19.26,2022-01,AFM,
2396-68-1,,,,10.1016/j.scib.2020.05.031,CC(C)(C)C1=CC=C(C=C1)S,16.8,1.18,17.98,2020-10,AFM,
2399-85-1,,,,10.1016/j.mtchem.2022.101362,C(C(=O)[O-])N(CC(=O)[O-])CC(=O)[O-].[K+].[K+].[K+],18.6,2.399999999999999,21.0,2023-03,AFM,
2421-28-5,,,,10.1021/acsenergylett.1c01465,C1=CC2=C(C=C1C(=O)C3=CC4=C(C=C3)C(=O)OC4=O)C(=O)OC2=O,19.58,2.300000000000001,21.88,2021-09-03,AFM,
2440-22-4,,,,10.1016/j.jechem.2021.09.027,CC1=CC(=C(C=C1)O)N2N=C3C=CC=CC3=N2,21.26,1.199999999999999,22.46,2022-04,AFM,
24812-90-6,,,,10.1016/j.cej.2022.139321,COC1=C(C=C(C=C1)C(=O)OC)N,19.45,0.9700000000000024,20.42,2023-01,AFM,
254-60-4,,"1,8-naphthyridine",,10.1016/j.cej.2022.137806,C1=CC2=C(N=C1)N=CC=C2,21.6,2.199999999999999,23.8,2022-12,AFM,
2634-33-5,,,,10.1002/solr.202100472,C1=CC=C2C(=C1)C(=O)NS2,19.91,1.919999999999998,21.83,2021-08-21,AFM,
2637-34-5,,,,10.1021/acssuschemeng.2c05816,C1=CC(=S)NC=C1,19.07,2.699999999999999,21.77,2022-12-12,AFM,
2646-30-2,,N-(4-bromophenyl)thiourea,BrPh-ThR,10.1039/c8ee02252f,C1=CC(=CC=C1NC(=S)N)Br,19.3,2.399999999999999,21.7,2018,AFM,
26537-19-9,,,,10.1016/j.scib.2020.05.031,CC(C)(C)C1=CC=C(C=C1)C(=O)OC,16.8,1.129999999999999,17.93,2020-10,AFM,
27503-81-7,,,,10.1002/smtd.202101257,C1=CC=C(C=C1)C2=NC3=C(N2)C=C(C=C3)S(=O)(=O)O,20.38,2.890000000000001,23.27,2021-12-24,AFM,
281-23-2,,adamantane,,10.1002/aenm.201800275,C1C2CC3CC1CC(C2)C3,19.32,1.149999999999999,20.47,2018-04-03,AFM,
288-88-0,,"1H-1,2,4-triazole",,10.1002/adfm.201905190,C1=NC=NN1,18.9,2.0,20.9,2019-08-09,AFM,
290-37-9,,pyrazine,,10.1039/C9SE01041F,C1=CN=CC=N1,18.79,1.300000000000001,20.09,2020,AFM,
2909-79-7,,,,10.1016/j.scib.2020.05.031,CC(C)(C)C1=CC=C(C=C1)N(C)C,16.8,1.149999999999999,17.95,2020-10,AFM,
29515-99-9,,5-(methylthio)-1H-tetrazole,,10.1038/s41467-018-06709-w ,CSC1=NNN=N1,19.2,1.3,20.5,2018-10-26,AFM,
29676-71-9,,,,10.1002/solr.201900489,C1=C(N=C(S1)N)CC(=O)O,17.1,2.639999999999997,19.74,2020-01-24,AFM,
300-84-5,,,,10.1021/jacs.0c09560,C(CS(=O)O)N,20.46,1.279999999999998,21.74,2020-11-16,AFM,
30363-03-2,,,,10.1016/j.apsusc.2022.153051,C1=CC(=CC=C1C2=NC(=NC(=N2)C3=CC=C(C=C3)Br)C4=CC=C(C=C4)Br)Br,18.32,0.9299999999999996,19.25,2022-07,AFM,
3081-61-6,,,,10.1002/aenm.202203190,CCNC(=O)CC[C@@H](C(=O)O)N,22.29,2.19,24.48,2022-12-04,AFM,
3218-36-8,,,,10.1002/anie.202302462,C1=CC=C(C=C1)C2=CC=C(C=C2)C=O,20.77,1.98,22.75,2023-04-20,AFM,
3238-40-2,,,,10.1021/acssuschemeng.2c07584,C1=C(OC(=C1)C(=O)O)C(=O)O,21.73,2.34,24.07,2023-03-27,AFM,
32857-62-8,,,,10.1002/solr.202100040,C1=CC(=CC=C1CC(=O)O)C(F)(F)F,20.31,1.880000000000003,22.19,2021-03-30,AFM,
3300-51-4,,,,10.1002/aesr.202200128,C1=CC(=CC=C1CN)C(F)(F)F,20.66,1.7,22.36,2022-11-29,AFM,
33941-15-0,,,,10.1016/j.cej.2022.138962,C1COCCOCCOCCOCCOCCN1,21.9,2.170000000000002,24.07,2023-01,AFM,
34722-01-5,,,,10.1002/aenm.201703143,CCCCC1=CSC=C1,17.31,1.850000000000001,19.16,2018-01-22,AFM,
354-38-1,,,,10.1002/solr.202200284,C(=O)(C(F)(F)F)N,22.31,1.850000000000001,24.16,2022-06-08,AFM,
35779-04-5,,,,10.1016/j.scib.2020.05.031,CC(C)(C)C1=CC=C(C=C1)I,16.8,0.8099999999999987,17.61,2020-10,AFM,
366-18-7,,,,10.1021/acsaem.1c00767,C1=CC=NC(=C1)C2=CC=CC=N2,18.38,2.15,20.53,2021-06-09,AFM,
366-18-7,,,,10.1039/c8ta11977e,C1=CC=NC(=C1)C2=CC=CC=N2,17.58,1.440000000000001,19.02,2019,AFM,
371-40-4,,,,10.1002/smll.201803350,C1=CC(=CC=C1N)F,16.0,2.600000000000001,18.6,2018-11-12,AFM,
372-16-7,,,,10.1007/s12274-021-3673-8,C1=CC(=CC=C1N)SC(F)(F)F,18.0,2.239999999999998,20.24,2021-08-03,AFM,
373-88-6,,,,10.1002/aenm.202101454,C(C(F)(F)F)N.Cl,22.28,0.6999999999999993,22.98,2021-06-23,AFM,
375-50-8,,,,10.1039/c8ta11835c,C(C(C(F)(F)I)(F)F)(C(F)(F)I)(F)F,17.46,2.66,20.12,2019,AFM,
3978-81-2,,,,10.1016/j.apsusc.2019.04.069,CC(C)(C)C1=CC=NC=C1,14.56,1.95,16.51,2019-08,AFM,
3978-81-2,,,,10.1016/j.jpowsour.2019.01.064,CC(C)(C)C1=CC=NC=C1,16.14,1.439999999999998,17.58,2019-03,AFM,
3978-81-2,,,,10.1016/j.scib.2020.05.031,CC(C)(C)C1=CC=NC=C1,16.8,1.300000000000001,18.1,2020-10,AFM,
3978-81-2,,,,10.1021/acsaem.1c00767,CC(C)(C)C1=CC=NC=C1,18.38,0.7100000000000009,19.09,2021-06-09,AFM,
40332-58-9,,,,10.1039/d2ta00653g,C(C1=C(C(=C(C(=C1F)F)F)F)F)[C@H](C(=O)O)N,19.42,2.139999999999997,21.56,2022,AFM,
404-86-4,,(E)-N-[(4-hydroxy-3-methoxyphenyl)methyl]-8-methylnon-6-enamide,,10.1063/5.0082785,CC(C)/C=C/CCCCC(=O)NCC1=CC(=C(C=C1)O)OC,20.5,1.649999999999999,22.15,2022-03-07,AFM,
406-34-8,,2-fluoroethanamine,,10.1002/aenm.202101454,C(CF)N,22.28,1.119999999999997,23.4,2021-06-23,AFM,
41122-71-8 ,,,,10.1002/solr.201900125,CCCCCCCC1=CC=C(C=C1)C2=CC=C(C=C2)C#N,17.14,3.050000000000001,20.19,2019-05-24,AFM,
4210-32-6,,,,10.1016/j.scib.2020.05.031,CC(C)(C)C1=CC=C(C=C1)C#N,16.8,1.079999999999998,17.88,2020-10,AFM,
425-99-0,,"2,2-difluoropropanediamide",,10.1002/adfm.202005776,C(=O)(C(C(=O)N)(F)F)N,20.0,2.210000000000001,22.21,2020-11-06,AFM,
4282-31-9,,,,10.1002/eom2.12313,C1=C(SC(=C1)C(=O)O)C(=O)O,19.96,2.890000000000001,22.85,2022-12-07,AFM,
4282-31-9,,,,10.1021/acsaem.2c00304,C1=C(SC(=C1)C(=O)O)C(=O)O,19.31,3.470000000000002,22.78,2022-05-13,AFM,
430-67-1,,"2,2-difluoroethanamine",,10.1002/aenm.202101454,C(C(F)F)N,22.28,0.8399999999999999,23.12,2021-06-23,AFM,
4418-61-5,,,,10.1002/cssc.202101965,C1(=NNN=N1)N,17.66,2.09,19.75,2021-12-09,AFM,
45497-73-2,,anilinium iodide,,10.1038/s41467-018-06709-w ,C1=CC=C(C=C1)N.I,19.2,1.3,20.5,2018-10-26,AFM,
4724-48-5,,,,10.1002/aenm.202200758,CCCCCCCCP(=O)(O)O,20.5,0.6999999999999993,21.2,2022-05-30,AFM,
4724-48-5,,,,10.1021/acsami.2c05956,CCCCCCCCP(=O)(O)O,19.6,1.399999999999999,21.0,2022-07-07,AFM,
482-89-3,,2-(3-hydroxy-1H-indol-2-yl)indol-3-one,,10.1002/aenm.202200537,C1=CC=C2C(=C1)C(=C(N2)C3=NC4=CC=CC=C4C3=O)O,20.0,3.219999999999999,23.22,2022-04-22,AFM,
492-97-7,,2-thiophen-2-ylthiophene,,10.1039/d2ta01349e,C1=CSC(=C1)C2=CC=CS2,21.74,0.1300000000000026,21.87,2022,AFM,
4942-47-6,,,,10.1002/adfm.202205507,C1C2CC3CC1CC(C2)(C3)CC(=O)O,21.0,0.6700000000000017,21.67,2022-06-30,AFM,
499-80-9,,"pyridine-2,4-dicarboxylic acid",,10.1002/solr.202000481,C1=CN=C(C=C1C(=O)O)C(=O)O,16.43,2.48,18.91,2020-10-12,AFM,
499-81-0,,"pyridine-3,5-dicarboxylic acid",,10.1002/solr.202000481,C1=C(C=NC=C1C(=O)O)C(=O)O,16.43,2.149999999999999,18.58,2020-10-12,AFM,
504-29-0,,,,10.1016/j.cej.2022.139345,C1=CC=NC(=C1)N,19.15,1.770000000000003,20.92,2023-01,AFM,
50413-30-4,,,,10.1016/j.cej.2022.139321,COC1=CC(=C(C=C1)C(=O)OC)N,19.45,2.330000000000002,21.78,2023-01,AFM,
505-48-6,,,,10.1016/j.apsusc.2022.152670,C(CCCC(=O)O)CCC(=O)O,18.32,1.16,19.48,2022-05,AFM,
51-17-2,,1H-benzimidazole,,10.1002/aenm.202202189,C1=CC=C2C(=C1)NC=N2,22.72,1.560000000000002,24.28,2022-10-06,AFM,
51-61-6,,"4-(2-aminoethyl)benzene-1,2-diol",,10.1016/j.electacta.2020.136720,C1=CC(=C(C=C1CCN)O)O,17.74,2.01,19.75,2020-09,AFM,
51-61-6,,"4-(2-aminoethyl)benzene-1,2-diol",,10.1016/j.jechem.2020.05.061,C1=CC(=C(C=C1CCN)O)O,18.31,2.720000000000002,21.03,2021-03,AFM,
51-61-6,,"4-(2-aminoethyl)benzene-1,2-diol",,10.1021/acsami.8b10332,C1=CC(=C(C=C1CCN)O)O,14.05,2.82,16.87,2018-08-17,AFM,
5198-87-8,,"2-chloro-1,3-thiazole-4-carboxylic acid",,10.1002/cssc.202202092,C1=C(N=C(S1)Cl)C(=O)O,19.83,2.720000000000002,22.55,2023-02-20,AFM,
52-67-5,,(2S)-2-amino-3-methyl-3-sulfanylbutanoic acid,,10.1002/solr.202200567,CC(C)([C@H](C(=O)O)N)S,22.44,1.649999999999999,24.09,2022-08-12,AFM,
52-90-4,,(2R)-2-amino-3-sulfanylpropanoic acid,,10.1002/solr.202200935,C([C@@H](C(=O)O)N)S,14.71,2.699999999999999,17.41,2023-01-05,AFM,
526-83-0,,,,10.1016/j.jechem.2022.02.007,C(C(C(=O)O)O)(C(=O)O)O,19.7,2.120000000000001,21.82,2022-06,AFM,
5336-24-3,,"1,3-ditert-butylurea",,10.1021/acsaem.2c02313,CC(C)(C)NC(=O)NC(C)(C)C,20.3,0.8999999999999986,21.2,2022-10-25,AFM,
5394-23-0,,"4,7-dichloro-1,10-phenanthroline",,10.1002/solr.202100285,C1=CC2=C(C=CN=C2C3=NC=CC(=C31)Cl)Cl,18.41,2.739999999999998,21.15,2021-07,AFM,
5396-38-3,,1-tert-butyl-4-methoxybenzene,,10.1016/j.scib.2020.05.031,CC(C)(C)C1=CC=C(C=C1)OC,16.8,0.6899999999999977,17.49,2020-10,AFM,
54-20-6,,"5-(trifluoromethyl)-1H-pyrimidine-2,4-dione",,10.1039/d2ta03601k,C1=C(C(=O)NC(=O)N1)C(F)(F)F,21.1,1.099999999999998,22.2,2022,AFM,
540-63-6,,,,10.1002/eom2.12185,C(CS)S,19.6,1.399999999999999,21.0,2022-01-30,AFM,
55-21-0,,benzamide,,10.1016/j.cej.2020.127204,C1=CC=C(C=C1)C(=O)N,19.16,0.9699999999999988,20.13,2021-03,AFM,
55-22-1,,pyridine-4-carboxylic acid,,10.1016/j.mssp.2022.106639,C1=CN=CC=C1C(=O)O,19.19,1.149999999999999,20.34,2022-07,AFM,
55-22-1,,pyridine-4-carboxylic acid,,10.1021/acs.nanolett.6b04015,C1=CN=CC=C1C(=O)O,17.19,2.08,19.27,2016-12-16,AFM,
55276-43-2,,,,10.1016/j.nanoen.2021.106856,CS(=O)(=O)N1CCNCC1,21.2,2.199999999999999,23.4,2022-03,AFM,
554-95-0,,,,10.1021/acs.jpcc.9b02621,C1=C(C=C(C=C1C(=O)O)C(=O)O)C(=O)O,13.57,2.24,15.81,2019-05-24,AFM,
56-40-6,,2-aminoacetic acid,,10.1016/j.orgel.2022.106573,C(C(=O)O)N,19.08,1.9,20.98,2022-09,AFM,
56-84-8,,(2S)-2-aminobutanedioic acid,,10.1002/adfm.202204725,C([C@@H](C(=O)O)N)C(=O)O,21.5,2.239999999999998,23.74,2022-06-22,AFM,
566939-58-0,,"1,3-dibromo-5-octylthieno[3,4-c]pyrrole-4,6-dione",,10.1002/solr.202200862,CCCCCCCCN1C(=O)C2=C(SC(=C2C1=O)Br)Br,19.06,1.68,20.74,2022-10-26,AFM,
57-00-1,,2-[carbamimidoyl(methyl)amino]acetic acid,,10.1021/acsami.2c00231,CN(CC(=O)O)C(=N)N,20.5,1.100000000000001,21.6,2022-04-27,AFM,
57-13-6,,urea,,10.1002/solr.202200512,C(=O)(N)N,21.59,0.7399999999999984,22.33,2022-07-27,AFM,
58-55-9,,"1,3-dimethyl-7H-purine-2,6-dione",,10.1126/science.aay9698,CN1C2=C(C(=O)N(C1=O)C)NC=N2,21.02,2.460000000000001,23.48,2019-12-20,AFM,
5813-89-8,,thiophene-2-carboxamide,,10.1021/acsami.1c02929,C1=CSC(=C1)C(=O)N,17.54,2.990000000000002,20.53,2021-05-19,AFM,
582-24-1,,,,10.1016/j.apsusc.2022.153842,C1=CC=C(C=C1)C(=O)CO,19.61,1.100000000000001,20.71,2022-10,AFM,
58255-18-8,,,,10.1021/acsaem.1c03842,CNCC1=CC=CS1,21.11,1.560000000000002,22.67,2022-03-23,AFM,
583-39-1,,,,10.1021/acsami.2c05605,C1=CC=C2C(=C1)NC(=S)N2,19.1,1.799999999999997,20.9,2022-06-03,AFM,
583050-70-8,,"2,7-dioctyl-[1]benzothiolo[3,2-b][1]benzothiole",,10.1021/acsenergylett.1c01898,CCCCCCCCC1=CC2=C(C=C1)C3=C(S2)C4=C(S3)C=C(C=C4)CCCCCCCC,19.17,2.77,21.94,2021-11-04,AFM,
59-67-6,,pyridine-3-carboxylic acid,,10.1021/acs.jpclett.1c02318,C1=CC(=CN=C1)C(=O)O,18.2,1.08,19.28,2021-09-10,AFM,
59-67-6,938.0,pyridine-3-carboxylic acid,,10.1039/d1tc00886b,C1=CC(=CN=C1)C(=O)O,17.43,2.09,19.52,2021,AFM,
59-92-7,,"(2S)-2-amino-3-(3,4-dihydroxyphenyl)propanoic acid",,10.1007/s12274-021-3600-z,C1=CC(=C(C=C1C[C@@H](C(=O)O)N)O)O,19.21,2.25,21.46,2021-07-09,AFM,
590-01-2,,,,10.1002/solr.202000621,CCCCOC(=O)CC,16.8,1.199999999999999,18.0,2020-11-16,AFM,
59337-89-2,,,,10.1021/acsaem.2c00435,C1=CSC(=C1Cl)C(=O)O,18.41,2.66,21.07,2022-06-01,AFM,
59337-93-8,,,,10.1002/solr.202100731,COC(=O)C1=C(C=CS1)S(=O)(=O)N,19.19,1.579999999999998,20.77,2021-11-23,AFM,
5962-42-5,,3-phosphonopropanoic acid,,10.1016/j.joule.2021.04.003,C(CP(=O)(O)O)C(=O)O,20.8,0.4199999999999982,21.22,2021-05,AFM,
60-10-6,,,,10.1016/j.orgel.2022.106604,C1=CC=C(C=C1)NNC(=S)N=NC2=CC=CC=C2,16.96,2.710000000000001,19.67,2022-09,AFM,
60-35-5,,,,10.1016/j.cej.2022.138559,CC(=O)N,20.88,1.82,22.7,2023-01,AFM,
60-56-0,,,,10.1002/adma.201907396,CN1C=CNC1=S,17.68,2.420000000000002,20.1,2020-04-30,AFM,
6000-44-8,,,,10.1016/j.apsusc.2022.153842,C(C(=O)[O-])N.[Na+],18.46,1.149999999999999,19.61,2022-10,AFM,
60230-37-7,,,,10.1002/solr.202300028,C1=CC(=C(C(=C1)F)S(=O)(=O)N)F,21.36,1.359999999999999,22.72,2023-02-24,AFM,
603-35-0,,triphenylphosphane,,10.1002/cssc.202102189,C1=CC=C(C=C1)P(C2=CC=CC=C2)C3=CC=CC=C3,18.36,1.859999999999999,20.22,2022-03-23,AFM,
6066-82-6,,,,10.1002/solr.202200502,C1CC(=O)N(C1=O)O,19.97,2.240000000000002,22.21,2022-07-24,AFM,
613-94-5,,benzohydrazide,,10.1016/j.mtener.2023.101269,C1=CC=C(C=C1)C(=O)NN,21.11,1.640000000000001,22.75,2023-04,AFM,
615-15-6,,2-methyl-1H-benzimidazole,,10.1016/j.nanoen.2020.105127,CC1=NC2=CC=CC=C2N1,19.46,2.109999999999999,21.57,2020-10,AFM,
616-44-4,,3-methylthiophene,,10.1002/adfm.202005155,CC1=CSC=C1,19.5,1.100000000000001,20.6,2020-09-06,AFM,
616-44-4,,3-methylthiophene,,10.1002/aenm.201703143,CC1=CSC=C1,17.31,1.190000000000001,18.5,2018-01-22,AFM,
616-47-7,,1-methylimidazole,,10.1002/cssc.202101097,CN1C=CN=C1,19.48,0.3999999999999986,19.88,2021-07-05,AFM,
6165-69-1,,,,10.1016/j.cej.2022.135134,B(C1=CSC=C1)(O)O,19.74,2.060000000000002,21.8,2022-05,AFM,
61798-56-9,,,,10.1039/d2ta02084j,CCC1=NS(=O)(=O)C2=CC=CC=C21,21.46,2.390000000000001,23.85,2022,AFM,
618-39-3,,benzenecarboximidamide,,10.1016/j.jechem.2022.09.037,C1=CC=C(C=C1)C(=N)N,21.28,1.25,22.53,2023-01,AFM,
619-56-7,,4-chlorobenzamide,,10.1016/j.cej.2020.127204,C1=CC(=CC=C1C(=O)N)Cl,19.16,1.789999999999999,20.95,2021-03,AFM,
619-65-8,,4-cyanobenzoic acid,,10.1021/acs.nanolett.6b04015,C1=CC(=CC=C1C#N)C(=O)O,17.19,1.079999999999998,18.27,2016-12-16,AFM,
62-55-5,,,,10.1002/adfm.202009425,CC(=S)N,19.29,2.16,21.45,2021-01-20,AFM,
62-55-5,,,,10.1021/acsami.0c00146,CC(=S)N,19.52,2.05,21.57,2020-02-25,AFM,
62-56-6,,,,10.1002/adfm.202208885,C(=S)(N)N,20.95,3.060000000000002,24.01,2022-10-09,AFM,
62-56-6,,,,10.1002/adfm.202208885,C(=S)(N)N,20.95,3.470000000000002,24.42,2022-10-09,AFM,
62-56-6,,,,10.1002/solr.201800034,C(=S)(N)N,17.6,2.199999999999999,19.8,2018-04-03,AFM,
623-00-7,,4-bromobenzonitrile,,10.1039/d1tc04615b,C1=CC(=CC=C1C#N)Br,20.09,2.190000000000001,22.28,2021,AFM,
62671-38-9,,,,10.1021/acsaem.0c01329,CN1C(=NN=N1)SSC2=NN=NN2C,17.9,2.770000000000003,20.67,2020-09-24,AFM,
628-21-7,,"1,4-diiodobutane",,10.1039/c8ta11835c,C(CCI)CI,17.46,1.059999999999999,18.52,2019,AFM,
629-93-6,,1-iodooctadecane,,10.1002/smll.202103336,CCCCCCCCCCCCCCCCCCI,20.34,0.6700000000000017,21.01,2021-10-27,AFM,
63-91-2,,,,10.1002/smtd.202200669,C1=CC=C(C=C1)C[C@@H](C(=O)O)N,19.07,2.879999999999999,21.95,2022-11-10,AFM,
63968-64-9,,,,10.1016/j.nanoen.2020.105133,C[C@@H]1CC[C@H]2[C@H](C(=O)O[C@H]3[C@@]24[C@H]1CC[C@](O3)(OO4)C)C,18.42,2.01,20.43,2020-12,AFM,
63968-64-9,,,,10.1039/d0ta10717d,C[C@@H]1CC[C@H]2[C@H](C(=O)O[C@H]3[C@@]24[C@H]1CC[C@](O3)(OO4)C)C,19.53,1.57,21.1,2021,AFM,
64-04-0,,,,10.1002/solr.202100805,C1=CC=C(C=C1)CCN,20.71,0.93,21.64,2021-11-16,AFM,
64-19-7,,,,10.1039/c9ta08042b,CC(=O)O,18.84,1.719999999999999,20.56,2019,AFM,
6419-19-8,,,,10.1002/solr.202100464,C(N(CP(=O)(O)O)CP(=O)(O)O)P(=O)(O)O,20.99,2.020000000000003,23.01,2021-08-25,AFM,
645-65-8,,2-(1H-imidazol-5-yl)acetic acid,,10.1002/adma.201902902,C1=C(NC=N1)CC(=O)O,19.53,1.43,20.96,2019-08-12,AFM,
646-01-5,,3-methylsulfanylpropanoic acid,,10.1016/j.cej.2021.133209,CSCCC(=O)O,20.72,1.5,22.22,2022-03,AFM,
65-71-4,,,,10.1021/acsaem.0c03068,CC1=CNC(=O)NC1=O,19.0,1.0,20.0,2021-04-12,AFM,
65-85-0,,,,10.1002/adfm.202005155,C1=CC=C(C=C1)C(=O)O,19.5,1.09999999999999,20.59999999999999,2020-09-06,AFM,
65-85-0,,,,10.1002/aenm.202203635,C1=CC=C(C=C1)C(=O)O,22.43,1.18,23.61,2023-02-12,AFM,
652-03-9,,"3,4,5,6-tetrafluorophthalic acid",,10.1002/solr.202201025,C1(=C(C(=C(C(=C1F)F)F)F)C(=O)O)C(=O)O,21.46,2.239999999999998,23.7,2022-12-25,AFM,
657-24-9,,"3-(diaminomethylidene)-1,1-dimethylguanidine",,10.1002/adma.202204098,CN(C)C(=N)N=C(N)N,20.72,1.109999999999999,21.83,2022-07-13,AFM,
657-24-9,,"3-(diaminomethylidene)-1,1-dimethylguanidine",,10.1002/adma.202204098,CN(C)C(=N)N=C(N)N,20.72,1.41,22.13,2022-07-13,AFM,
66-71-7,,,,10.1021/acsami.1c02929,C1=CC2=C(C3=C(C=CC=N3)C=C2)N=C1,18.03,2.129999999999999,20.16,2021-05-19,AFM,
67-52-7,,,,10.1002/solr.202200512,C1C(=O)NC(=O)NC1=O,21.59,1.199999999999999,22.79,2022-07-27,AFM,
675-14-9,,"2,4,6-trifluoro-1,3,5-triazine",,10.1021/acsami.1c21081,C1(=NC(=NC(=N1)F)F)F,19.27,1.84,21.11,2022-01-31,AFM,
68-94-0,,,,10.1016/j.cej.2022.135269,C1=NC2=C(N1)C(=O)NC=N2,20.42,1.719999999999999,22.14,2022-05,AFM,
680-31-9,,N-[bis(dimethylamino)phosphoryl]-N-methylmethanamine,,10.1016/j.cej.2019.122436,CN(C)P(=O)(N(C)C)N(C)C,15.73,1.359999999999999,17.09,2020-01,AFM,
693-98-1,,2-methyl-1H-imidazole,,10.1016/j.jpowsour.2020.227714,CC1=NC=CN1,17.6,1.849999999999998,19.45,2020-02,AFM,
6964-21-2,,,,10.1039/d0ta10270a,C1=CSC=C1CC(=O)O,17.54,3.07,20.61,2021,AFM,
6964-21-2,,,,10.1039/d2cc03890k,C1=CSC=C1CC(=O)O,18.1,1.899999999999999,20.0,2022,AFM,
70-18-8,,,,10.1016/j.solmat.2022.112088,C(CC(=O)N[C@@H](CS)C(=O)NCC(=O)O)[C@@H](C(=O)O)N,19.47,2.190000000000001,21.66,2023-01,AFM,
700-58-3,,,,10.1002/adfm.202205507,C1C2CC3CC1CC(C2)C3=O,21.0,1.82,22.82,2022-06-30,AFM,
7085-85-0,,,,10.1002/solr.202300105,CCOC(=O)C(=C)C#N,17.3,2.82,20.12,2023-04-07,AFM,
71-00-1,,,,10.1021/acsami.2c13585,C1=C(NC=N1)C[C@@H](C(=O)O)N,20.31,2.600000000000001,22.91,2022-10-12,AFM,
71-30-7,,,,10.1016/j.cej.2022.139535,C1=C(NC(=O)N=C1)N,20.07,2.01,22.08,2023-01,AFM,
71195-85-2,,,,10.1002/aenm.202101394,C=CC(=O)OC1=C(C(=C(C(=C1F)F)F)F)F,20.22,2.200000000000003,22.42,2021-06-17,AFM,
725-89-3,,,,10.1021/acsami.1c18035,C1=C(C=C(C=C1C(F)(F)F)C(F)(F)F)C(=O)O,18.45,2.640000000000001,21.09,2022-01-12,AFM,
7498-57-9,,,,10.1021/acsami.0c00762,C1=CC=C2C=C(C=CC2=C1)CC#N,18.01,2.209999999999997,20.22,2020-04-07,AFM,
75-64-9,,,,10.1016/j.joule.2022.02.003,CC(C)(C)N,22.39,0.8099999999999987,23.2,2022-03,AFM,
75-89-8,,,,10.1016/j.isci.2019.06.004,C(C(F)(F)F)O,19.71,1.210000000000001,20.92,2019-06,AFM,
753-90-2,,,,10.1002/adfm.202102902,C(C(F)(F)F)N,20.65,0.91,21.56,2021-06-17,AFM,
7575-23-7,,,,10.1002/aenm.201903696,C(CS)C(=O)OCC(COC(=O)CCS)(COC(=O)CCS)COC(=O)CCS,19.0,2.399999999999999,21.4,2020-02-03,AFM,
7664-38-2,,,,10.1021/acsami.9b11817,OP(=O)(O)O,19.67,1.349999999999998,21.02,2019-09-17,AFM,
769-92-6,,,,10.1016/j.scib.2020.05.031,CC(C)(C)C1=CC=C(C=C1)N,16.8,1.41,18.21,2020-10,AFM,
771-60-8,,,,10.1016/j.cej.2022.139308,C1(=C(C(=C(C(=C1F)F)F)F)F)N,18.09,1.219999999999999,19.31,2023-01,AFM,
7803-58-9,,,,10.1002/adma.202300174,NS(=O)(=O)N,21.61,2.23,23.84,2023-03-23,AFM,
7803-58-9,,,,10.1002/adma.202300174,NS(=O)(=O)N,22.3,2.34,24.64,2023-03-23,AFM,
78151-58-3 ,,,,10.1002/eom2.12146,CCCCCCCCN1C(=O)C2=C3C(=CC=C4C3=C(C=C2)C5=C6C4=CC=C7C6=C(C=C5)C(=O)N(C7=O)CCCCCCCC)C1=O,19.52,2.719999999999999,22.24,2021-10-18,AFM,
79-05-0,,,,10.1016/j.jechem.2020.07.050,CCC(=O)N,17.18,1.240000000000002,18.42,2021-05,AFM,
79-40-3,,,,10.1016/j.mtener.2022.101004,C(=S)(C(=S)N)N,18.58,2.48,21.06,2022-06,AFM,
791-28-6,,,,10.1002/adfm.201910710,C1=CC=C(C=C1)P(=O)(C2=CC=CC=C2)C3=CC=CC=C3,18.05,1.050000000000001,19.1,2020-02-20,AFM,
791-28-6,,,,10.1002/adma.201907396,C1=CC=C(C=C1)P(=O)(C2=CC=CC=C2)C3=CC=CC=C3,20.8,0.5999999999999979,21.4,2020-04-30,AFM,
791-28-6,,,,10.1016/j.solmat.2020.110527,C1=CC=C(C=C1)P(=O)(C2=CC=CC=C2)C3=CC=CC=C3,17.24,1.050000000000001,18.29,2020-07,AFM,
824-75-9,,4-fluorobenzamide,,10.1016/j.cej.2020.127204,C1=CC(=CC=C1C(=O)N)F,19.16,2.190000000000001,21.35,2021-03,AFM,
828-51-3,,adamantane-1-carboxylic acid,,10.1002/adfm.202205507,C1C2CC3CC1CC(C2)(C3)C(=O)O,21.0,1.010000000000002,22.01,2022-06-30,AFM,
83-86-3,,,,10.1002/adfm.202212577,C1(C(C(C(C(C1OP(=O)(O)O)OP(=O)(O)O)OP(=O)(O)O)OP(=O)(O)O)OP(=O)(O)O)OP(=O)(O)O,19.84,2.219999999999999,22.06,2023-02-23,AFM,
83558-87-6 ,,,,10.1002/solr.202200296,C1=CC(=C(C=C1C(C2=CC(=C(C=C2)O)N)(C(F)(F)F)C(F)(F)F)N)O,18.2,2.100000000000001,20.3,2022-05-24,AFM,
87-41-2,,,,10.1002/smll.202103336,C1C2=CC=CC=C2C(=O)O1,20.34,1.649999999999999,21.99,2021-10-27,AFM,
877-65-6,,(4-tert-butylphenyl)methanol,,10.1016/j.scib.2020.05.031,CC(C)(C)C1=CC=C(C=C1)CO,16.8,0.3999999999999986,17.2,2020-10,AFM,
88-13-1,,,,10.1002/adfm.202005155,C1=CSC=C1C(=O)O,19.5,1.300000000000001,20.8,2020-09-06,AFM,
88-13-1,,,,10.1039/d0ta10270a,C1=CSC=C1C(=O)O,17.54,2.050000000000001,19.59,2021,AFM,
88495-63-0,,,,10.1039/d0ta10717d,C[C@@H]1CC[C@H]2[C@H]([C@@H](O[C@H]3[C@@]24[C@H]1CC[C@](O3)(OO4)C)OC(=O)CCC(=O)O)C,19.53,1.48,21.01,2021,AFM,
89-97-4,,,,10.1021/acsami.2c02250,C1=CC=C(C(=C1)CN)Cl,20.7,1.900000000000002,22.6,2022-03-30,AFM,
92-91-1,,,,10.1002/anie.202302462,CC(=O)C1=CC=C(C=C1)C2=CC=CC=C2,20.77,1.699999999999999,22.47,2023-04-20,AFM,
939-97-9,,,,10.1016/j.scib.2020.05.031,CC(C)(C)C1=CC=C(C=C1)C=O,16.8,1.349999999999998,18.15,2020-10,AFM,
94-62-2,,,,10.1021/acssuschemeng.2c05527,C1CCN(CC1)C(=O)/C=C/C=C/C2=CC3=C(C=C2)OCO3,21.49,1.880000000000003,23.37,2022-11-29,AFM,
95-31-8,,,,10.1002/solr.202200487,CC(C)(C)NSC1=NC2=CC=CC=C2S1,19.71,1.259999999999998,20.97,2022-08-05,AFM,
95-50-1,,,,10.1021/acssuschemeng.2c05816,C1=CC=C(C(=C1)Cl)Cl,19.07,1.68,20.75,2022-12-12,AFM,
96-26-4,,,,10.1002/solr.202200082,C(C(=O)CO)O,20.21,3.050000000000001,23.26,2022-04-12,AFM,
96-49-1,,,,10.1038/s41467-019-08455-z,C1COC(=O)O1,17.88,1.580000000000002,19.46,2019-01-31,AFM,
98-58-8,,,,10.1002/solr.202200097,C1=CC(=CC=C1S(=O)(=O)Cl)Br,19.46,2.379999999999999,21.84,2022-03-15,AFM,
98-60-2,,,,10.1039/d2tc00982j,C1=CC(=CC=C1S(=O)(=O)Cl)Cl,18.29,1.73,20.02,2022,AFM,
98-73-7,,,,10.1016/j.scib.2020.05.031,CC(C)(C)C1=CC=C(C=C1)C(=O)O,16.8,1.84,18.64,2020-10,AFM,
98-80-6,,,,10.1002/solr.202000715,B(C1=CC=CC=C1)(O)O,18.8,0.25,19.05,2021-01-22,AFM,
 74-11-3,,,,10.1016/j.orgel.2020.105922,C1=CC(=CC=C1C(=O)O)Cl,18.23,1.989999999999998,20.22,2020-11,AFM,
 75-12-7,,,,10.1016/j.cej.2020.127204,C(=O)N,19.16,0.1699999999999982,19.33,2021-03,AFM,
